{"Frequent Locations": [{"City": "jiddah", "Country": "sau", "Region": "02"}, {"City": "jiddah", "Country": "sau", "Region": "02"}], "Latest Location": [{"City": "jiddah", "Country": "sau", "Region": "02"}], "Home & Work": {}, "Daily Top Locations": [], "Top Locations Per Six-Day Period": [], "Location History": [], "Businesses and public places you may have visited": [], "Areas you may have visited in the last two years": [{"Time": "2021/10/30 23:04:12 UTC", "City": "los angeles", "Region": "California", "Postal Code": "90017"}, {"Time": "2022/03/24 11:23:52 UTC", "City": "riyadh", "Region": "Riyadh", "Postal Code": "11411"}, {"Time": "2020/11/05 11:28:41 UTC", "City": "san francisco", "Region": "California", "Postal Code": "94102"}, {"Time": "2022/06/20 11:31:27 UTC", "City": "frankfurt am main", "Region": "Hessen", "Postal Code": "60313"}, {"Time": "2022/05/28 14:59:58 UTC", "City": "frankfurt am main", "Region": "Hessen", "Postal Code": "60323"}, {"Time": "2021/09/24 22:36:03 UTC", "City": "mitchell", "Region": "Cornwall", "Postal Code": "tr8 5"}, {"Time": "2021/08/22 15:28:33 UTC", "City": "hillsboro", "Region": "Oregon", "Postal Code": "97124"}, {"Time": "2021/10/19 19:45:08 UTC", "City": "roubaix", "Region": "Hauts - De - France", "Postal Code": "59100"}, {"Time": "2021/07/25 17:40:23 UTC", "City": "milan", "Region": "Milano", "Postal Code": "20144"}, {"Time": "2022/05/12 13:42:27 UTC", "City": "sydney", "Region": "New South Wales", "Postal Code": "2000"}, {"Time": "2022/06/24 07:40:17 UTC", "City": "jiddah", "Region": "Makkah", "Postal Code": "21441"}, {"Time": "2020/10/08 21:43:11 UTC", "City": "ad dammam", "Region": "Eastern Province", "Postal Code": "31463"}, {"Time": "2022/03/30 00:09:55 UTC", "City": "al-madinah", "Region": "Al - Madinah", "Postal Code": "31952"}, {"Time": "2022/04/11 23:05:10 UTC", "City": "north bergen", "Region": "New Jersey", "Postal Code": "07047"}, {"Time": "2022/06/12 05:54:18 UTC", "City": "mecca", "Region": "Makkah", "Postal Code": "21514"}, {"Time": "2022/05/03 03:43:10 UTC", "City": "clifton", "Region": "New Jersey", "Postal Code": "07011"}, {"Time": "2022/05/05 05:42:31 UTC", "City": "new york", "Region": "New York", "Postal Code": "10013"}, {"Time": "2020/11/05 11:29:49 UTC", "City": "new york", "Region": "New York", "Postal Code": "10118"}, {"Time": "2020/09/29 22:27:22 UTC", "City": "abha", "Region": "Asir", "Postal Code": "11372"}, {"Time": "2020/06/10 19:38:04 UTC", "City": "dallas", "Region": "Texas", "Postal Code": "75207"}]}