[{"Date and time (hourly)": "2022-06-03 17:00:00 UTC", "Search Term": "\u0631\u0648", "Location": ""}, {"Date and time (hourly)": "2022-06-03 17:00:00 UTC", "Search Term": "\u0631", "Location": ""}, {"Date and time (hourly)": "2022-05-26 22:00:00 UTC", "Search Term": "fd.114", "Location": ""}, {"Date and time (hourly)": "2022-05-26 22:00:00 UTC", "Search Term": "fd.11", "Location": ""}, {"Date and time (hourly)": "2022-05-26 22:00:00 UTC", "Search Term": "fd.1", "Location": ""}, {"Date and time (hourly)": "2022-05-26 22:00:00 UTC", "Search Term": "fd.", "Location": ""}, {"Date and time (hourly)": "2022-05-26 22:00:00 UTC", "Search Term": "fd", "Location": ""}, {"Date and time (hourly)": "2022-05-26 22:00:00 UTC", "Search Term": "f", "Location": ""}, {"Date and time (hourly)": "2022-05-26 22:00:00 UTC", "Search Term": "\u0641", "Location": ""}, {"Date and time (hourly)": "2022-05-26 22:00:00 UTC", "Search Term": "\u0641\u0647", "Location": ""}, {"Date and time (hourly)": "2022-05-26 22:00:00 UTC", "Search Term": "\u0641\u0647\u062f", "Location": ""}, {"Date and time (hourly)": "2022-05-26 22:00:00 UTC", "Search Term": "\u0641\u0647\u062f ", "Location": ""}, {"Date and time (hourly)": "2022-05-26 22:00:00 UTC", "Search Term": "\u0641\u0647\u062f \u0642", "Location": ""}, {"Date and time (hourly)": "2022-05-26 22:00:00 UTC", "Search Term": "\u0641\u0647\u062f \u0642\u0631", "Location": ""}, {"Date and time (hourly)": "2022-05-26 22:00:00 UTC", "Search Term": "\u0641\u0647\u062f \u0642", "Location": ""}, {"Date and time (hourly)": "2022-05-26 22:00:00 UTC", "Search Term": "\u0641\u0647\u062f ", "Location": ""}, {"Date and time (hourly)": "2022-05-26 22:00:00 UTC", "Search Term": "\u0641\u0647\u062f", "Location": ""}, {"Date and time (hourly)": "2022-05-26 22:00:00 UTC", "Search Term": "\u0641\u0647\u062f\u0642", "Location": ""}, {"Date and time (hourly)": "2022-05-26 22:00:00 UTC", "Search Term": "\u0641\u0647\u062f", "Location": ""}, {"Date and time (hourly)": "2022-05-26 22:00:00 UTC", "Search Term": "\u0641\u0647", "Location": ""}, {"Date and time (hourly)": "2022-05-26 22:00:00 UTC", "Search Term": "\u0641", "Location": ""}, {"Date and time (hourly)": "2022-06-08 18:00:00 UTC", "Search Term": "\u0633\u0627\u0631", "Location": ""}, {"Date and time (hourly)": "2022-06-08 18:00:00 UTC", "Search Term": "\u0633\u0627", "Location": ""}, {"Date and time (hourly)": "2022-06-08 18:00:00 UTC", "Search Term": "\u0633", "Location": ""}, {"Date and time (hourly)": "2022-06-20 15:00:00 UTC", "Search Term": "\u062a\u0631\u0643", "Location": ""}, {"Date and time (hourly)": "2022-06-20 15:00:00 UTC", "Search Term": "\u062a\u0631", "Location": ""}, {"Date and time (hourly)": "2022-06-20 15:00:00 UTC", "Search Term": "\u062a", "Location": ""}, {"Date and time (hourly)": "2022-06-24 03:00:00 UTC", "Search Term": "\u0633\u0644", "Location": ""}, {"Date and time (hourly)": "2022-06-24 03:00:00 UTC", "Search Term": "\u0633", "Location": ""}, {"Date and time (hourly)": "2022-06-24 03:00:00 UTC", "Search Term": "\u062e", "Location": ""}, {"Date and time (hourly)": "2022-06-24 03:00:00 UTC", "Search Term": "\u062e\u0627", "Location": ""}, {"Date and time (hourly)": "2022-06-24 03:00:00 UTC", "Search Term": "\u062e\u0627\u0644", "Location": ""}, {"Date and time (hourly)": "2022-06-24 03:00:00 UTC", "Search Term": "\u062e\u0627\u0644\u0648", "Location": ""}, {"Date and time (hourly)": "2022-06-24 03:00:00 UTC", "Search Term": "\u062e\u0627\u0644", "Location": ""}, {"Date and time (hourly)": "2022-06-24 03:00:00 UTC", "Search Term": "\u062e\u0627", "Location": ""}, {"Date and time (hourly)": "2022-06-24 03:00:00 UTC", "Search Term": "\u062e", "Location": ""}, {"Date and time (hourly)": "2022-06-24 03:00:00 UTC", "Search Term": "\u062e\u0644", "Location": ""}, {"Date and time (hourly)": "2022-06-24 03:00:00 UTC", "Search Term": "\u062e", "Location": ""}, {"Date and time (hourly)": "2022-05-26 19:00:00 UTC", "Search Term": "\u0639\u062f", "Location": ""}, {"Date and time (hourly)": "2022-05-26 19:00:00 UTC", "Search Term": "\u0639", "Location": ""}, {"Date and time (hourly)": "2022-05-26 15:00:00 UTC", "Search Term": "\u062d\u0633\u0646", "Location": ""}, {"Date and time (hourly)": "2022-05-26 15:00:00 UTC", "Search Term": "\u062d\u0633", "Location": ""}, {"Date and time (hourly)": "2022-05-26 15:00:00 UTC", "Search Term": "\u062d", "Location": ""}, {"Date and time (hourly)": "2022-05-26 15:00:00 UTC", "Search Term": "\u0645\u0647\u0646\u062f", "Location": ""}, {"Date and time (hourly)": "2022-05-26 15:00:00 UTC", "Search Term": "\u0645\u0647\u0646", "Location": ""}, {"Date and time (hourly)": "2022-05-26 15:00:00 UTC", "Search Term": "\u0645\u0647", "Location": ""}, {"Date and time (hourly)": "2022-05-26 15:00:00 UTC", "Search Term": "\u0645", "Location": ""}, {"Date and time (hourly)": "2022-06-16 14:00:00 UTC", "Search Term": "\u0641", "Location": ""}, {"Date and time (hourly)": "2022-06-16 14:00:00 UTC", "Search Term": "shaquanap2022", "Location": ""}, {"Date and time (hourly)": "2022-06-16 14:00:00 UTC", "Search Term": "shaquanap202", "Location": ""}, {"Date and time (hourly)": "2022-06-16 14:00:00 UTC", "Search Term": "shaquanap20", "Location": ""}, {"Date and time (hourly)": "2022-06-16 14:00:00 UTC", "Search Term": "shaquanap2", "Location": ""}, {"Date and time (hourly)": "2022-06-16 14:00:00 UTC", "Search Term": "shaquanap", "Location": ""}, {"Date and time (hourly)": "2022-06-16 14:00:00 UTC", "Search Term": "shapuanap", "Location": ""}, {"Date and time (hourly)": "2022-06-16 14:00:00 UTC", "Search Term": "shapuana", "Location": ""}, {"Date and time (hourly)": "2022-06-16 14:00:00 UTC", "Search Term": "shapuan", "Location": ""}, {"Date and time (hourly)": "2022-06-16 14:00:00 UTC", "Search Term": "shapua", "Location": ""}, {"Date and time (hourly)": "2022-06-16 14:00:00 UTC", "Search Term": "shapu", "Location": ""}, {"Date and time (hourly)": "2022-06-16 14:00:00 UTC", "Search Term": "shap", "Location": ""}, {"Date and time (hourly)": "2022-06-16 14:00:00 UTC", "Search Term": "sha", "Location": ""}, {"Date and time (hourly)": "2022-06-16 14:00:00 UTC", "Search Term": "sh", "Location": ""}, {"Date and time (hourly)": "2022-06-16 14:00:00 UTC", "Search Term": "s", "Location": ""}, {"Date and time (hourly)": "2022-06-03 13:00:00 UTC", "Search Term": "\u0631\u0648", "Location": ""}, {"Date and time (hourly)": "2022-06-03 13:00:00 UTC", "Search Term": "\u0631", "Location": ""}, {"Date and time (hourly)": "2022-06-12 21:00:00 UTC", "Search Term": "\u0643\u0627\u0633", "Location": ""}, {"Date and time (hourly)": "2022-06-12 21:00:00 UTC", "Search Term": "\u0643\u0627", "Location": ""}, {"Date and time (hourly)": "2022-06-12 21:00:00 UTC", "Search Term": "\u0643", "Location": ""}, {"Date and time (hourly)": "2022-06-06 11:00:00 UTC", "Search Term": "\u0645\u0627\u062c", "Location": ""}, {"Date and time (hourly)": "2022-06-06 11:00:00 UTC", "Search Term": "\u0645\u0627", "Location": ""}, {"Date and time (hourly)": "2022-06-06 11:00:00 UTC", "Search Term": "\u0645", "Location": ""}, {"Date and time (hourly)": "2022-06-06 13:00:00 UTC", "Search Term": "\u0633\u0627\u0631", "Location": ""}, {"Date and time (hourly)": "2022-06-06 13:00:00 UTC", "Search Term": "\u0633\u0627", "Location": ""}, {"Date and time (hourly)": "2022-06-06 13:00:00 UTC", "Search Term": "\u0633", "Location": ""}, {"Date and time (hourly)": "2022-06-06 10:00:00 UTC", "Search Term": "\u062a\u0631\u0643\u064a", "Location": ""}, {"Date and time (hourly)": "2022-06-06 10:00:00 UTC", "Search Term": "\u062a\u0631\u0643", "Location": ""}, {"Date and time (hourly)": "2022-06-06 10:00:00 UTC", "Search Term": "\u062a\u0631", "Location": ""}, {"Date and time (hourly)": "2022-06-06 10:00:00 UTC", "Search Term": "\u062a", "Location": ""}, {"Date and time (hourly)": "2022-05-29 16:00:00 UTC", "Search Term": "A", "Location": ""}, {"Date and time (hourly)": "2022-05-23 08:00:00 UTC", "Search Term": "\u0631\u0648", "Location": ""}, {"Date and time (hourly)": "2022-05-23 08:00:00 UTC", "Search Term": "\u0631", "Location": ""}, {"Date and time (hourly)": "2022-06-24 07:00:00 UTC", "Search Term": "\u062c\u0645", "Location": ""}, {"Date and time (hourly)": "2022-06-24 07:00:00 UTC", "Search Term": "\u062c", "Location": ""}, {"Date and time (hourly)": "2022-05-29 06:00:00 UTC", "Search Term": "\u0645\u0648\u062f", "Location": ""}, {"Date and time (hourly)": "2022-05-29 06:00:00 UTC", "Search Term": "\u0645\u0648", "Location": ""}, {"Date and time (hourly)": "2022-05-29 06:00:00 UTC", "Search Term": "\u0645", "Location": ""}, {"Date and time (hourly)": "2022-06-03 13:00:00 UTC", "Search Term": "\u062c\u0645", "Location": ""}, {"Date and time (hourly)": "2022-06-03 13:00:00 UTC", "Search Term": "\u062c", "Location": ""}, {"Date and time (hourly)": "2022-06-16 08:00:00 UTC", "Search Term": "\u0634\u064a", "Location": ""}, {"Date and time (hourly)": "2022-06-16 08:00:00 UTC", "Search Term": "\u0634", "Location": ""}, {"Date and time (hourly)": "2022-06-24 08:00:00 UTC", "Search Term": "\u0645\u062d\u0645\u062f \u0627\u0644\u0633", "Location": ""}, {"Date and time (hourly)": "2022-06-24 08:00:00 UTC", "Search Term": "\u0645\u062d\u0645\u062f \u0627\u0644", "Location": ""}, {"Date and time (hourly)": "2022-06-24 08:00:00 UTC", "Search Term": "\u0645\u062d\u0645\u062f \u0627", "Location": ""}, {"Date and time (hourly)": "2022-06-24 08:00:00 UTC", "Search Term": "\u0645\u062d\u0645\u062f ", "Location": ""}, {"Date and time (hourly)": "2022-06-24 08:00:00 UTC", "Search Term": "\u0645\u062d\u0645\u062f", "Location": ""}, {"Date and time (hourly)": "2022-06-24 08:00:00 UTC", "Search Term": "\u0645\u062d\u0645", "Location": ""}, {"Date and time (hourly)": "2022-06-24 08:00:00 UTC", "Search Term": "\u0645\u062d", "Location": ""}, {"Date and time (hourly)": "2022-06-24 08:00:00 UTC", "Search Term": "\u0645", "Location": ""}, {"Date and time (hourly)": "2022-06-06 19:00:00 UTC", "Search Term": "\u0634\u0648", "Location": ""}, {"Date and time (hourly)": "2022-06-06 19:00:00 UTC", "Search Term": "\u0634", "Location": ""}, {"Date and time (hourly)": "2022-05-26 22:00:00 UTC", "Search Term": "fd.114", "Location": ""}, {"Date and time (hourly)": "2022-05-26 22:00:00 UTC", "Search Term": "fd.11", "Location": ""}, {"Date and time (hourly)": "2022-05-26 22:00:00 UTC", "Search Term": "fd.1", "Location": ""}, {"Date and time (hourly)": "2022-05-26 22:00:00 UTC", "Search Term": "fd.", "Location": ""}, {"Date and time (hourly)": "2022-05-26 22:00:00 UTC", "Search Term": "fd", "Location": ""}, {"Date and time (hourly)": "2022-05-26 22:00:00 UTC", "Search Term": "f", "Location": ""}, {"Date and time (hourly)": "2022-05-26 15:00:00 UTC", "Search Term": "\u0645\u0631\u0648", "Location": ""}, {"Date and time (hourly)": "2022-05-26 15:00:00 UTC", "Search Term": "\u0645\u0631", "Location": ""}, {"Date and time (hourly)": "2022-05-26 15:00:00 UTC", "Search Term": "\u0645", "Location": ""}, {"Date and time (hourly)": "2022-06-15 16:00:00 UTC", "Search Term": "kh", "Location": ""}, {"Date and time (hourly)": "2022-06-15 16:00:00 UTC", "Search Term": "k", "Location": ""}, {"Date and time (hourly)": "2022-06-17 15:00:00 UTC", "Search Term": "\u0633\u0639\u062f", "Location": ""}, {"Date and time (hourly)": "2022-06-17 15:00:00 UTC", "Search Term": "\u0633\u0639", "Location": ""}, {"Date and time (hourly)": "2022-06-17 15:00:00 UTC", "Search Term": "\u0633", "Location": ""}, {"Date and time (hourly)": "2022-06-17 18:00:00 UTC", "Search Term": "\u0639\u062f\u0646", "Location": ""}, {"Date and time (hourly)": "2022-06-17 18:00:00 UTC", "Search Term": "\u0639\u062f", "Location": ""}, {"Date and time (hourly)": "2022-06-17 18:00:00 UTC", "Search Term": "\u0639", "Location": ""}, {"Date and time (hourly)": "2022-06-03 17:00:00 UTC", "Search Term": "\u0633\u0627\u0631", "Location": ""}, {"Date and time (hourly)": "2022-06-03 17:00:00 UTC", "Search Term": "\u0633\u0627", "Location": ""}, {"Date and time (hourly)": "2022-06-03 17:00:00 UTC", "Search Term": "\u0633", "Location": ""}, {"Date and time (hourly)": "2022-05-23 08:00:00 UTC", "Search Term": "\u0633\u0644\u0637", "Location": ""}, {"Date and time (hourly)": "2022-05-23 08:00:00 UTC", "Search Term": "\u0633\u0644", "Location": ""}, {"Date and time (hourly)": "2022-05-23 08:00:00 UTC", "Search Term": "\u0633", "Location": ""}, {"Date and time (hourly)": "2022-06-05 20:00:00 UTC", "Search Term": "\u062a\u0631\u0643", "Location": ""}, {"Date and time (hourly)": "2022-06-05 20:00:00 UTC", "Search Term": "\u062a\u0631", "Location": ""}, {"Date and time (hourly)": "2022-06-05 20:00:00 UTC", "Search Term": "\u062a", "Location": ""}, {"Date and time (hourly)": "2022-06-07 01:00:00 UTC", "Search Term": "\u0627", "Location": ""}, {"Date and time (hourly)": "2022-06-17 17:00:00 UTC", "Search Term": "a", "Location": ""}, {"Date and time (hourly)": "2022-05-27 18:00:00 UTC", "Search Term": "\u062d\u0633\u0646", "Location": ""}, {"Date and time (hourly)": "2022-05-27 18:00:00 UTC", "Search Term": "\u062d\u0633", "Location": ""}, {"Date and time (hourly)": "2022-05-27 18:00:00 UTC", "Search Term": "\u062d", "Location": ""}, {"Date and time (hourly)": "2022-06-11 01:00:00 UTC", "Search Term": "\u0645\u0645", "Location": ""}, {"Date and time (hourly)": "2022-06-11 01:00:00 UTC", "Search Term": "\u0645", "Location": ""}, {"Date and time (hourly)": "2022-05-27 03:00:00 UTC", "Search Term": "\u062d", "Location": ""}, {"Date and time (hourly)": "2022-05-27 03:00:00 UTC", "Search Term": "\u062d\u0633", "Location": ""}, {"Date and time (hourly)": "2022-05-27 03:00:00 UTC", "Search Term": "\u062d\u0633\u0646", "Location": ""}, {"Date and time (hourly)": "2022-05-27 03:00:00 UTC", "Search Term": "\u062d\u0633", "Location": ""}, {"Date and time (hourly)": "2022-05-27 03:00:00 UTC", "Search Term": "\u062d", "Location": ""}, {"Date and time (hourly)": "2022-06-10 21:00:00 UTC", "Search Term": "\u0633\u0639", "Location": ""}, {"Date and time (hourly)": "2022-06-10 21:00:00 UTC", "Search Term": "\u0633", "Location": ""}, {"Date and time (hourly)": "2022-05-27 22:00:00 UTC", "Search Term": "\u0633\u0644\u0637", "Location": ""}, {"Date and time (hourly)": "2022-05-27 22:00:00 UTC", "Search Term": "\u0633\u0644", "Location": ""}, {"Date and time (hourly)": "2022-05-27 22:00:00 UTC", "Search Term": "\u0633", "Location": ""}, {"Date and time (hourly)": "2022-05-31 15:00:00 UTC", "Search Term": "\u062d\u0645\u0648", "Location": ""}, {"Date and time (hourly)": "2022-05-31 15:00:00 UTC", "Search Term": "\u062d\u0645", "Location": ""}, {"Date and time (hourly)": "2022-05-31 15:00:00 UTC", "Search Term": "\u062d", "Location": ""}, {"Date and time (hourly)": "2022-06-17 14:00:00 UTC", "Search Term": "a", "Location": ""}, {"Date and time (hourly)": "2022-06-17 14:00:00 UTC", "Search Term": "\u0639", "Location": ""}, {"Date and time (hourly)": "2022-06-17 14:00:00 UTC", "Search Term": "\u0639\u0628", "Location": ""}, {"Date and time (hourly)": "2022-06-17 14:00:00 UTC", "Search Term": "\u0639", "Location": ""}, {"Date and time (hourly)": "2022-06-17 14:00:00 UTC", "Search Term": "\u0645\u0635", "Location": ""}, {"Date and time (hourly)": "2022-06-17 14:00:00 UTC", "Search Term": "\u0645", "Location": ""}, {"Date and time (hourly)": "2022-06-02 10:00:00 UTC", "Search Term": "\u0633\u0627", "Location": ""}, {"Date and time (hourly)": "2022-06-02 10:00:00 UTC", "Search Term": "\u0633", "Location": ""}, {"Date and time (hourly)": "2022-06-20 10:00:00 UTC", "Search Term": "\u0639\u0645", "Location": ""}, {"Date and time (hourly)": "2022-06-20 10:00:00 UTC", "Search Term": "\u0639", "Location": ""}, {"Date and time (hourly)": "2022-06-20 10:00:00 UTC", "Search Term": "\u063a", "Location": ""}, {"Date and time (hourly)": "2022-06-10 21:00:00 UTC", "Search Term": "\u0627\u0628", "Location": ""}, {"Date and time (hourly)": "2022-06-10 21:00:00 UTC", "Search Term": "\u0627", "Location": ""}, {"Date and time (hourly)": "2022-06-10 21:00:00 UTC", "Search Term": "\u0639\u062f", "Location": ""}, {"Date and time (hourly)": "2022-06-10 21:00:00 UTC", "Search Term": "\u0639", "Location": ""}, {"Date and time (hourly)": "2022-06-24 12:00:00 UTC", "Search Term": "\u0647\u062a", "Location": ""}, {"Date and time (hourly)": "2022-06-24 12:00:00 UTC", "Search Term": "\u0647", "Location": ""}, {"Date and time (hourly)": "2022-06-16 08:00:00 UTC", "Search Term": "\u0634", "Location": ""}, {"Date and time (hourly)": "2022-06-12 21:00:00 UTC", "Search Term": "\u0632\u0627\u0645", "Location": ""}, {"Date and time (hourly)": "2022-06-12 21:00:00 UTC", "Search Term": "\u0632\u0627", "Location": ""}, {"Date and time (hourly)": "2022-06-12 21:00:00 UTC", "Search Term": "\u0632", "Location": ""}, {"Date and time (hourly)": "2022-06-12 21:00:00 UTC", "Search Term": "\u0632\u0645", "Location": ""}, {"Date and time (hourly)": "2022-06-12 21:00:00 UTC", "Search Term": "\u0632", "Location": ""}, {"Date and time (hourly)": "2022-05-23 07:00:00 UTC", "Search Term": "\u062d", "Location": ""}, {"Date and time (hourly)": "2022-05-29 16:00:00 UTC", "Search Term": "\u0634\u0648\u0642", "Location": ""}, {"Date and time (hourly)": "2022-05-29 16:00:00 UTC", "Search Term": "\u0634\u0648", "Location": ""}, {"Date and time (hourly)": "2022-05-29 16:00:00 UTC", "Search Term": "\u0634", "Location": ""}, {"Date and time (hourly)": "2022-06-22 02:00:00 UTC", "Search Term": "\u0627\u0628\u0648\u0641", "Location": ""}, {"Date and time (hourly)": "2022-06-22 02:00:00 UTC", "Search Term": "\u0627\u0628\u0648", "Location": ""}, {"Date and time (hourly)": "2022-06-22 02:00:00 UTC", "Search Term": "\u0627\u0628", "Location": ""}, {"Date and time (hourly)": "2022-06-22 02:00:00 UTC", "Search Term": "\u0627", "Location": ""}, {"Date and time (hourly)": "2022-05-31 18:00:00 UTC", "Search Term": "\u0631\u0648", "Location": ""}, {"Date and time (hourly)": "2022-05-31 18:00:00 UTC", "Search Term": "\u0631", "Location": ""}, {"Date and time (hourly)": "2022-06-03 16:00:00 UTC", "Search Term": "\u0645\u0627\u062c", "Location": ""}, {"Date and time (hourly)": "2022-06-03 16:00:00 UTC", "Search Term": "\u0645\u0627", "Location": ""}, {"Date and time (hourly)": "2022-06-03 16:00:00 UTC", "Search Term": "\u0645", "Location": ""}, {"Date and time (hourly)": "2022-05-29 10:00:00 UTC", "Search Term": "\u0634\u0648", "Location": ""}, {"Date and time (hourly)": "2022-05-29 10:00:00 UTC", "Search Term": "\u0634", "Location": ""}, {"Date and time (hourly)": "2022-05-29 06:00:00 UTC", "Search Term": "\u062d", "Location": ""}, {"Date and time (hourly)": "2022-06-04 19:00:00 UTC", "Search Term": "\u0627\u0628", "Location": ""}, {"Date and time (hourly)": "2022-06-04 19:00:00 UTC", "Search Term": "\u0627", "Location": ""}, {"Date and time (hourly)": "2022-06-04 19:00:00 UTC", "Search Term": "\u0627\u0648", "Location": ""}, {"Date and time (hourly)": "2022-06-04 19:00:00 UTC", "Search Term": "\u0627", "Location": ""}, {"Date and time (hourly)": "2022-06-08 18:00:00 UTC", "Search Term": "\u0631\u0648\u0627\u062f", "Location": ""}, {"Date and time (hourly)": "2022-06-08 18:00:00 UTC", "Search Term": "\u0631\u0648\u0627", "Location": ""}, {"Date and time (hourly)": "2022-06-08 18:00:00 UTC", "Search Term": "\u0631\u0648", "Location": ""}, {"Date and time (hourly)": "2022-06-08 18:00:00 UTC", "Search Term": "\u0631", "Location": ""}, {"Date and time (hourly)": "2022-06-19 11:00:00 UTC", "Search Term": "\u062a\u0631", "Location": ""}, {"Date and time (hourly)": "2022-06-19 11:00:00 UTC", "Search Term": "\u062a", "Location": ""}, {"Date and time (hourly)": "2022-06-06 15:00:00 UTC", "Search Term": "a", "Location": ""}, {"Date and time (hourly)": "2022-06-04 19:00:00 UTC", "Search Term": "\u0645\u0647\u0646", "Location": ""}, {"Date and time (hourly)": "2022-06-04 19:00:00 UTC", "Search Term": "\u0645\u0647", "Location": ""}, {"Date and time (hourly)": "2022-06-04 19:00:00 UTC", "Search Term": "\u0645", "Location": ""}, {"Date and time (hourly)": "2022-06-23 14:00:00 UTC", "Search Term": "\u0627\u062d\u0645\u062f ", "Location": ""}, {"Date and time (hourly)": "2022-06-23 14:00:00 UTC", "Search Term": "\u0627\u062d\u0645\u062f", "Location": ""}, {"Date and time (hourly)": "2022-06-23 14:00:00 UTC", "Search Term": "\u0627\u062d\u0645", "Location": ""}, {"Date and time (hourly)": "2022-06-23 14:00:00 UTC", "Search Term": "\u0627\u062d", "Location": ""}, {"Date and time (hourly)": "2022-06-23 14:00:00 UTC", "Search Term": "\u0627", "Location": ""}, {"Date and time (hourly)": "2022-06-24 05:00:00 UTC", "Search Term": "\u0631\u0648", "Location": ""}, {"Date and time (hourly)": "2022-06-24 05:00:00 UTC", "Search Term": "\u0631", "Location": ""}, {"Date and time (hourly)": "2022-06-16 18:00:00 UTC", "Search Term": "\u0634\u064a", "Location": ""}, {"Date and time (hourly)": "2022-06-16 18:00:00 UTC", "Search Term": "\u0634", "Location": ""}, {"Date and time (hourly)": "2022-06-04 13:00:00 UTC", "Search Term": "\u0643\u064a", "Location": ""}, {"Date and time (hourly)": "2022-06-04 13:00:00 UTC", "Search Term": "\u0643", "Location": ""}, {"Date and time (hourly)": "2022-06-24 03:00:00 UTC", "Search Term": "\u0645\u0631\u0648", "Location": ""}, {"Date and time (hourly)": "2022-06-24 03:00:00 UTC", "Search Term": "\u0645\u0631", "Location": ""}, {"Date and time (hourly)": "2022-06-24 03:00:00 UTC", "Search Term": "\u0645", "Location": ""}, {"Date and time (hourly)": "2022-06-18 23:00:00 UTC", "Search Term": "\u0631\u0648", "Location": ""}, {"Date and time (hourly)": "2022-06-18 23:00:00 UTC", "Search Term": "\u0631", "Location": ""}, {"Date and time (hourly)": "2022-05-27 15:00:00 UTC", "Search Term": "\u062d\u0631\u0628\u064a\u064a", "Location": ""}, {"Date and time (hourly)": "2022-05-27 15:00:00 UTC", "Search Term": "\u062d\u0631\u0628\u064a", "Location": ""}, {"Date and time (hourly)": "2022-05-27 15:00:00 UTC", "Search Term": "\u062d\u0631\u0628", "Location": ""}, {"Date and time (hourly)": "2022-05-27 15:00:00 UTC", "Search Term": "\u062d\u0631", "Location": ""}, {"Date and time (hourly)": "2022-05-27 15:00:00 UTC", "Search Term": "\u062d", "Location": ""}, {"Date and time (hourly)": "2022-06-15 16:00:00 UTC", "Search Term": "z", "Location": ""}, {"Date and time (hourly)": "2022-06-15 16:00:00 UTC", "Search Term": "\u062a\u0631", "Location": ""}, {"Date and time (hourly)": "2022-06-15 16:00:00 UTC", "Search Term": "\u062a", "Location": ""}, {"Date and time (hourly)": "2022-06-23 14:00:00 UTC", "Search Term": "\u0633\u0627", "Location": ""}, {"Date and time (hourly)": "2022-06-23 14:00:00 UTC", "Search Term": "\u0633", "Location": ""}, {"Date and time (hourly)": "2022-06-23 14:00:00 UTC", "Search Term": "\u0641", "Location": ""}, {"Date and time (hourly)": "2022-06-23 14:00:00 UTC", "Search Term": "\u0641\u064a", "Location": ""}, {"Date and time (hourly)": "2022-06-23 14:00:00 UTC", "Search Term": "\u0641", "Location": ""}, {"Date and time (hourly)": "2022-06-24 12:00:00 UTC", "Search Term": "\u0641\u0627", "Location": ""}, {"Date and time (hourly)": "2022-06-24 12:00:00 UTC", "Search Term": "\u0641", "Location": ""}, {"Date and time (hourly)": "2022-06-24 12:00:00 UTC", "Search Term": "\u0635", "Location": ""}, {"Date and time (hourly)": "2022-06-05 19:00:00 UTC", "Search Term": "\u0645\u0648\u062f", "Location": ""}, {"Date and time (hourly)": "2022-06-05 19:00:00 UTC", "Search Term": "\u0645\u0648", "Location": ""}, {"Date and time (hourly)": "2022-06-05 19:00:00 UTC", "Search Term": "\u0645", "Location": ""}, {"Date and time (hourly)": "2022-05-25 01:00:00 UTC", "Search Term": "\u0639\u0627\u062f", "Location": ""}, {"Date and time (hourly)": "2022-05-25 01:00:00 UTC", "Search Term": "\u0639\u0627", "Location": ""}, {"Date and time (hourly)": "2022-05-25 01:00:00 UTC", "Search Term": "\u0639", "Location": ""}, {"Date and time (hourly)": "2022-05-27 20:00:00 UTC", "Search Term": "\u062a\u0631\u0643\u064a", "Location": ""}, {"Date and time (hourly)": "2022-05-27 20:00:00 UTC", "Search Term": "\u062a\u0631\u0643", "Location": ""}, {"Date and time (hourly)": "2022-05-27 20:00:00 UTC", "Search Term": "\u062a\u0631", "Location": ""}, {"Date and time (hourly)": "2022-05-27 20:00:00 UTC", "Search Term": "\u062a", "Location": ""}, {"Date and time (hourly)": "2022-06-19 04:00:00 UTC", "Search Term": "\u0634", "Location": ""}, {"Date and time (hourly)": "2022-06-01 19:00:00 UTC", "Search Term": "r", "Location": ""}, {"Date and time (hourly)": "2022-06-02 01:00:00 UTC", "Search Term": "\u0634", "Location": ""}, {"Date and time (hourly)": "2022-05-31 19:00:00 UTC", "Search Term": "\u0634\u0648", "Location": ""}, {"Date and time (hourly)": "2022-05-31 19:00:00 UTC", "Search Term": "\u0634", "Location": ""}, {"Date and time (hourly)": "2022-06-03 13:00:00 UTC", "Search Term": "\u0631\u0648", "Location": ""}, {"Date and time (hourly)": "2022-06-03 13:00:00 UTC", "Search Term": "\u0631", "Location": ""}, {"Date and time (hourly)": "2022-06-20 14:00:00 UTC", "Search Term": "\u0645\u0645", "Location": ""}, {"Date and time (hourly)": "2022-06-20 14:00:00 UTC", "Search Term": "\u0645", "Location": ""}, {"Date and time (hourly)": "2022-06-10 17:00:00 UTC", "Search Term": "\u0645\u0648", "Location": ""}, {"Date and time (hourly)": "2022-06-10 17:00:00 UTC", "Search Term": "\u0645", "Location": ""}, {"Date and time (hourly)": "2022-06-08 18:00:00 UTC", "Search Term": "\u0631\u0648", "Location": ""}, {"Date and time (hourly)": "2022-06-08 18:00:00 UTC", "Search Term": "\u0631", "Location": ""}, {"Date and time (hourly)": "2022-05-26 18:00:00 UTC", "Search Term": "\u0628\u062f\u0631", "Location": ""}, {"Date and time (hourly)": "2022-05-26 18:00:00 UTC", "Search Term": "\u0628\u062f", "Location": ""}, {"Date and time (hourly)": "2022-05-26 18:00:00 UTC", "Search Term": "\u0628", "Location": ""}, {"Date and time (hourly)": "2022-06-07 13:00:00 UTC", "Search Term": "\u0631\u062c\u0644", "Location": ""}, {"Date and time (hourly)": "2022-06-07 13:00:00 UTC", "Search Term": "\u0631\u062c", "Location": ""}, {"Date and time (hourly)": "2022-06-07 13:00:00 UTC", "Search Term": "\u0631", "Location": ""}, {"Date and time (hourly)": "2022-05-31 15:00:00 UTC", "Search Term": "\u062d\u0645", "Location": ""}, {"Date and time (hourly)": "2022-05-31 15:00:00 UTC", "Search Term": "\u062d", "Location": ""}, {"Date and time (hourly)": "2022-06-19 08:00:00 UTC", "Search Term": "\u0639\u0645", "Location": ""}, {"Date and time (hourly)": "2022-06-19 08:00:00 UTC", "Search Term": "\u0639", "Location": ""}, {"Date and time (hourly)": "2022-06-04 19:00:00 UTC", "Search Term": "\u0631\u0648", "Location": ""}, {"Date and time (hourly)": "2022-06-04 19:00:00 UTC", "Search Term": "\u0631", "Location": ""}, {"Date and time (hourly)": "2022-05-29 06:00:00 UTC", "Search Term": "\u0633\u0627", "Location": ""}, {"Date and time (hourly)": "2022-05-29 06:00:00 UTC", "Search Term": "\u0633", "Location": ""}, {"Date and time (hourly)": "2022-06-04 12:00:00 UTC", "Search Term": "r", "Location": ""}, {"Date and time (hourly)": "2022-05-31 15:00:00 UTC", "Search Term": "\u062d\u0645\u0648", "Location": ""}, {"Date and time (hourly)": "2022-05-31 15:00:00 UTC", "Search Term": "\u062d\u0645", "Location": ""}, {"Date and time (hourly)": "2022-05-31 15:00:00 UTC", "Search Term": "\u062d", "Location": ""}, {"Date and time (hourly)": "2022-06-15 18:00:00 UTC", "Search Term": "\u0631\u0648", "Location": ""}, {"Date and time (hourly)": "2022-06-15 18:00:00 UTC", "Search Term": "\u0631", "Location": ""}, {"Date and time (hourly)": "2022-06-13 06:00:00 UTC", "Search Term": "s-33ed", "Location": ""}, {"Date and time (hourly)": "2022-06-13 06:00:00 UTC", "Search Term": "s-33e", "Location": ""}, {"Date and time (hourly)": "2022-06-13 06:00:00 UTC", "Search Term": "s-33", "Location": ""}, {"Date and time (hourly)": "2022-06-13 06:00:00 UTC", "Search Term": "s-3", "Location": ""}, {"Date and time (hourly)": "2022-06-13 06:00:00 UTC", "Search Term": "s-", "Location": ""}, {"Date and time (hourly)": "2022-06-13 06:00:00 UTC", "Search Term": "s", "Location": ""}, {"Date and time (hourly)": "2022-05-26 19:00:00 UTC", "Search Term": "\u0633\u0639", "Location": ""}, {"Date and time (hourly)": "2022-05-26 19:00:00 UTC", "Search Term": "\u0633", "Location": ""}, {"Date and time (hourly)": "2022-06-17 00:00:00 UTC", "Search Term": "\u0645\u0648", "Location": ""}, {"Date and time (hourly)": "2022-06-17 00:00:00 UTC", "Search Term": "\u0645", "Location": ""}, {"Date and time (hourly)": "2022-06-16 14:00:00 UTC", "Search Term": "ruthanne_s22", "Location": ""}, {"Date and time (hourly)": "2022-06-16 14:00:00 UTC", "Search Term": "ruthanne_s2", "Location": ""}, {"Date and time (hourly)": "2022-06-16 14:00:00 UTC", "Search Term": "ruthanne_s", "Location": ""}, {"Date and time (hourly)": "2022-06-16 14:00:00 UTC", "Search Term": "ruthanne_", "Location": ""}, {"Date and time (hourly)": "2022-06-16 14:00:00 UTC", "Search Term": "ruthanne", "Location": ""}, {"Date and time (hourly)": "2022-06-16 14:00:00 UTC", "Search Term": "ruthann", "Location": ""}, {"Date and time (hourly)": "2022-06-16 14:00:00 UTC", "Search Term": "ruthanna", "Location": ""}, {"Date and time (hourly)": "2022-06-16 14:00:00 UTC", "Search Term": "ruthann", "Location": ""}, {"Date and time (hourly)": "2022-06-16 14:00:00 UTC", "Search Term": "ruthan", "Location": ""}, {"Date and time (hourly)": "2022-06-16 14:00:00 UTC", "Search Term": "rutha", "Location": ""}, {"Date and time (hourly)": "2022-06-16 14:00:00 UTC", "Search Term": "ruth", "Location": ""}, {"Date and time (hourly)": "2022-06-16 14:00:00 UTC", "Search Term": "rut", "Location": ""}, {"Date and time (hourly)": "2022-06-16 14:00:00 UTC", "Search Term": "ru", "Location": ""}, {"Date and time (hourly)": "2022-06-16 14:00:00 UTC", "Search Term": "r", "Location": ""}, {"Date and time (hourly)": "2022-05-29 06:00:00 UTC", "Search Term": "\u0645\u0647\u0646", "Location": ""}, {"Date and time (hourly)": "2022-05-29 06:00:00 UTC", "Search Term": "\u0645\u0647", "Location": ""}, {"Date and time (hourly)": "2022-05-29 06:00:00 UTC", "Search Term": "\u0645", "Location": ""}, {"Date and time (hourly)": "2022-06-03 17:00:00 UTC", "Search Term": "\u0631\u0648", "Location": ""}, {"Date and time (hourly)": "2022-06-03 17:00:00 UTC", "Search Term": "\u0631", "Location": ""}, {"Date and time (hourly)": "2022-06-03 17:00:00 UTC", "Search Term": " ", "Location": ""}, {"Date and time (hourly)": "2022-06-06 23:00:00 UTC", "Search Term": "\u0633\u0644\u0637", "Location": ""}, {"Date and time (hourly)": "2022-06-06 23:00:00 UTC", "Search Term": "\u0633\u0644", "Location": ""}, {"Date and time (hourly)": "2022-06-06 23:00:00 UTC", "Search Term": "\u0633", "Location": ""}, {"Date and time (hourly)": "2022-06-08 06:00:00 UTC", "Search Term": "\u0645\u0648\u0646\u064a", "Location": ""}, {"Date and time (hourly)": "2022-06-08 06:00:00 UTC", "Search Term": "\u0645\u0648\u0646", "Location": ""}, {"Date and time (hourly)": "2022-06-08 06:00:00 UTC", "Search Term": "\u0645\u0648", "Location": ""}, {"Date and time (hourly)": "2022-06-08 06:00:00 UTC", "Search Term": "\u0645", "Location": ""}, {"Date and time (hourly)": "2022-06-04 13:00:00 UTC", "Search Term": "\u0639\u0627\u062f", "Location": ""}, {"Date and time (hourly)": "2022-06-04 13:00:00 UTC", "Search Term": "\u0639\u0627", "Location": ""}, {"Date and time (hourly)": "2022-06-04 13:00:00 UTC", "Search Term": "\u0639", "Location": ""}, {"Date and time (hourly)": "2022-06-24 12:00:00 UTC", "Search Term": "\u0633", "Location": ""}, {"Date and time (hourly)": "2022-06-24 12:00:00 UTC", "Search Term": "\u0634\u0648", "Location": ""}, {"Date and time (hourly)": "2022-06-24 12:00:00 UTC", "Search Term": "\u0634", "Location": ""}, {"Date and time (hourly)": "2022-05-23 08:00:00 UTC", "Search Term": "\u062c\u0645\u0648", "Location": ""}, {"Date and time (hourly)": "2022-05-23 08:00:00 UTC", "Search Term": "\u062c\u0645", "Location": ""}, {"Date and time (hourly)": "2022-05-23 08:00:00 UTC", "Search Term": "\u062c", "Location": ""}, {"Date and time (hourly)": "2022-05-26 06:00:00 UTC", "Search Term": "\u0645\u0648\u0646\u064a", "Location": ""}, {"Date and time (hourly)": "2022-05-26 06:00:00 UTC", "Search Term": "\u0645\u0648\u0646", "Location": ""}, {"Date and time (hourly)": "2022-05-26 06:00:00 UTC", "Search Term": "\u0645\u0648", "Location": ""}, {"Date and time (hourly)": "2022-05-26 06:00:00 UTC", "Search Term": "\u0645", "Location": ""}, {"Date and time (hourly)": "2022-06-15 08:00:00 UTC", "Search Term": "\u0634", "Location": ""}, {"Date and time (hourly)": "2022-06-16 18:00:00 UTC", "Search Term": "\u0627\u0628\u0648", "Location": ""}, {"Date and time (hourly)": "2022-06-16 18:00:00 UTC", "Search Term": "\u0627\u0628", "Location": ""}, {"Date and time (hourly)": "2022-06-16 18:00:00 UTC", "Search Term": "\u0627", "Location": ""}, {"Date and time (hourly)": "2022-05-26 05:00:00 UTC", "Search Term": "\u0627\u064a", "Location": ""}, {"Date and time (hourly)": "2022-05-26 05:00:00 UTC", "Search Term": "\u0627", "Location": ""}, {"Date and time (hourly)": "2022-06-12 21:00:00 UTC", "Search Term": "\u0645\u0647\u0646", "Location": ""}, {"Date and time (hourly)": "2022-06-12 21:00:00 UTC", "Search Term": "\u0645\u0647", "Location": ""}, {"Date and time (hourly)": "2022-06-12 21:00:00 UTC", "Search Term": "\u0645", "Location": ""}]