{"Shared Story": [], "Spotlight History": [{"Story Date": "2022-06-22 07:00:00 UTC", "Story URL": "https://story.snapchat.com/o/W7_EDlXWTBiXAEEniNoMPwAAYeXh2eXhkd3piAYFkmkLaAYFkmhEJAAAAAA", "Action Type": "VIEW", "View Time": "1.72 seconds"}, {"Story Date": "2022-06-22 07:00:00 UTC", "Story URL": "https://story.snapchat.com/o/W7_EDlXWTBiXAEEniNoMPwAAYZmNnaXhmaHVkAYGBEf2jAYGBEP7IAAAAAA", "Action Type": "VIEW", "View Time": "10.82 seconds"}, {"Story Date": "2022-06-14 18:00:00 UTC", "Story URL": "https://story.snapchat.com/o/W7_EDlXWTBiXAEEniNoMPwAAYeGtoamdhcGNsAYE-hKZOAYE-hKYOAAAAAA", "Action Type": "VIEW", "View Time": "0.04 seconds"}, {"Story Date": "2022-06-03 20:00:00 UTC", "Story URL": "https://story.snapchat.com/o/W7_EDlXWTBiXAEEniNoMPwAAYY2h0a2xqbnliAYEnCPgNAYEnCOtMAAAAAA", "Action Type": "VIEW", "View Time": "0.11 seconds"}, {"Story Date": "2022-05-31 19:00:00 UTC", "Story URL": "https://story.snapchat.com/o/W7_EDlXWTBiXAEEniNoMPwAAYYm5uY3h2aGZxAYEVO0jCAYEVOsfYAAAAAA", "Action Type": "VIEW", "View Time": "0.04 seconds"}, {"Story Date": "2022-05-20 17:00:00 UTC", "Story URL": "https://story.snapchat.com/o/W7_EDlXWTBiXAEEniNoMPwAAYaHhhcWpzY2l5AYDeqLoWAYDeqH8XAAAAAA", "Action Type": "VIEW", "View Time": "8.40 seconds"}, {"Story Date": "2022-05-20 17:00:00 UTC", "Story URL": "https://story.snapchat.com/o/W7_EDlXWTBiXAEEniNoMPwAAYanRhd3h2a2J6AYCqhofPAYCqhnZCAAAAAA", "Action Type": "VIEW", "View Time": "8.26 seconds"}, {"Story Date": "2022-05-20 17:00:00 UTC", "Story URL": "https://story.snapchat.com/o/W7_EDlXWTBiXAEEniNoMPwAAYd2NqdWR1emR3AYCReU_yAYCReUUyAAAAAA", "Action Type": "VIEW", "View Time": "18.46 seconds"}, {"Story Date": "2022-05-20 17:00:00 UTC", "Story URL": "https://story.snapchat.com/o/W7_EDlXWTBiXAEEniNoMPwAAYaHFmb2JjeXdnAYDA7SQFAYDA7RqSAAAAAA", "Action Type": "VIEW", "View Time": "11.48 seconds"}, {"Story Date": "2022-05-20 17:00:00 UTC", "Story URL": "https://story.snapchat.com/o/W7_EDlXWTBiXAEEniNoMPwAAYb3ZzYXdxd2V3AYDR7ti1AYDR7b7aAAAAAA", "Action Type": "VIEW", "View Time": "7.18 seconds"}, {"Story Date": "2022-05-20 17:00:00 UTC", "Story URL": "https://story.snapchat.com/o/W7_EDlXWTBiXAEEniNoMPwAAYa2tjaXZlb2x0AYB9bIRVAYB9bDj0AAAAAA", "Action Type": "VIEW", "View Time": "46.67 seconds"}, {"Story Date": "2022-05-20 17:00:00 UTC", "Story URL": "https://story.snapchat.com/o/W7_EDlXWTBiXAEEniNoMPwAAYeGRkd25rY2l2AYB0WkcAAYB0WjqOAAAAAA", "Action Type": "VIEW", "View Time": "5.93 seconds"}, {"Story Date": "2022-05-20 17:00:00 UTC", "Story URL": "https://story.snapchat.com/o/W7_EDlXWTBiXAEEniNoMPwAAYbWRmcmx3bm5iAYCXKEksAYCXJ8GwAAAAAA", "Action Type": "VIEW", "View Time": "5.60 seconds"}, {"Story Date": "2022-05-20 17:00:00 UTC", "Story URL": "https://story.snapchat.com/o/W7_EDlXWTBiXAEEniNoMPwAAYc2VwcGZ0c21vAYDgna4rAYDgnZ8zAAAAAA", "Action Type": "VIEW", "View Time": "10.01 seconds"}, {"Story Date": "2022-05-20 17:00:00 UTC", "Story URL": "https://story.snapchat.com/o/W7_EDlXWTBiXAEEniNoMPwAAYYm96c2FxemVkAYCUk_-uAYCUk_CUAAAAAA", "Action Type": "VIEW", "View Time": "5.98 seconds"}, {"Story Date": "2022-05-20 17:00:00 UTC", "Story URL": "https://story.snapchat.com/o/W7_EDlXWTBiXAEEniNoMPwAAYa29laGdqa2JuAYCldouBAYCldntYAAAAAA", "Action Type": "VIEW", "View Time": "3.42 seconds"}, {"Story Date": "2022-05-19 13:00:00 UTC", "Story URL": "https://story.snapchat.com/o/W7_EDlXWTBiXAEEniNoMPwAAYb2V6Y3Nub3ZxAYDRxoG0AYDRxn9OAAAAAA", "Action Type": "VIEW", "View Time": "0.16 seconds"}, {"Story Date": "2022-05-09 14:00:00 UTC", "Story URL": "https://story.snapchat.com/o/W7_EDlXWTBiXAEEniNoMPwAAYYWV0Y2p2b2Z5AYCi36bcAYCi36akAAAAAA", "Action Type": "VIEW", "View Time": "0.65 seconds"}, {"Story Date": "2022-05-08 02:00:00 UTC", "Story URL": "https://story.snapchat.com/o/W7_EDlXWTBiXAEEniNoMPwAAYZnF2ZHVxcWZ2AYCdLdAaAYCdLc_eAAAAAA", "Action Type": "VIEW", "View Time": "0.14 seconds"}, {"Story Date": "2022-05-07 16:00:00 UTC", "Story URL": "https://story.snapchat.com/o/W7_EDlXWTBiXAEEniNoMPwAAYd3pjbmpndXVlAYCYkRwQAYCYkPRcAAAAAA", "Action Type": "VIEW", "View Time": "0.21 seconds"}, {"Story Date": "2022-05-05 09:00:00 UTC", "Story URL": "https://story.snapchat.com/o/W7_EDlXWTBiXAEEniNoMPwAAYcHBuZ2Z1dGV2AYCSGVSaAYCSGU5FAAAAAA", "Action Type": "VIEW", "View Time": "0.69 seconds"}, {"Story Date": "2022-05-03 08:00:00 UTC", "Story URL": "https://story.snapchat.com/o/W7_EDlXWTBiXAEEniNoMPwAAYYWtla250cHR5AYBGZv2AAYBGZuuWAAAAAA", "Action Type": "VIEW", "View Time": "1.24 seconds"}, {"Story Date": "2022-05-03 07:00:00 UTC", "Story URL": "https://story.snapchat.com/o/W7_EDlXWTBiXAEEniNoMPwAAYa2ttcHB2dHZpAYB3kYTfAYB3kYHaAAAAAA", "Action Type": "VIEW", "View Time": "0.15 seconds"}, {"Story Date": "2022-04-30 23:00:00 UTC", "Story URL": "https://story.snapchat.com/o/W7_EDlXWTBiXAEEniNoMPwAAYZWpoZWFsYXhjAYBHq7GlAYBHqwWRAAAAAA", "Action Type": "VIEW", "View Time": "0.02 seconds"}, {"Story Date": "2022-04-28 02:00:00 UTC", "Story URL": "https://story.snapchat.com/o/W7_EDlXWTBiXAEEniNoMPwAAYa3JlaG5zdGdtAYA-GOrWAYA-GOqgAAAAAA", "Action Type": "VIEW", "View Time": "1.05 seconds"}, {"Story Date": "2022-04-24 03:00:00 UTC", "Story URL": "https://story.snapchat.com/o/W7_EDlXWTBiXAEEniNoMPwAAYdHloY3l6Z3FpAYAe7eFaAYAe7dwIAAAAAA", "Action Type": "VIEW", "View Time": "0.61 seconds"}, {"Story Date": "2022-04-23 19:00:00 UTC", "Story URL": "https://story.snapchat.com/o/W7_EDlXWTBiXAEEniNoMPwAAYc3ZoYnp6ZGh3AYAu9QL8AYAu9QLFAAAAAA", "Action Type": "VIEW", "View Time": "0.65 seconds"}, {"Story Date": "2022-04-23 19:00:00 UTC", "Story URL": "https://story.snapchat.com/o/W7_EDlXWTBiXAEEniNoMPwAAYYW5qeHB4amV0AYBOTkXvAYBOTjeaAAAAAA", "Action Type": "VIEW", "View Time": "0.58 seconds"}, {"Story Date": "2022-04-23 15:00:00 UTC", "Story URL": "https://story.snapchat.com/o/W7_EDlXWTBiXAEEniNoMPwAAYcHNwZmJ0ZnJpAYAOg-aoAYAOg-WiAAAAAA", "Action Type": "VIEW", "View Time": "1.08 seconds"}, {"Story Date": "2022-04-23 02:00:00 UTC", "Story URL": "https://story.snapchat.com/o/W7_EDlXWTBiXAEEniNoMPwAAYZmtqaWl6cGdwAYA4itRbAYA4itKQAAAAAA", "Action Type": "VIEW", "View Time": "0.56 seconds"}, {"Story Date": "2022-04-22 21:00:00 UTC", "Story URL": "https://story.snapchat.com/o/W7_EDlXWTBiXAEEniNoMPwAAYcW5uZmNyeGprAYBD7535AYBD75v8AAAAAA", "Action Type": "VIEW", "View Time": "0.38 seconds"}, {"Story Date": "2022-04-14 14:00:00 UTC", "Story URL": "https://story.snapchat.com/o/W7_EDlXWTBiXAEEniNoMPwAAYY3NndnJpanBpAYAWLvW2AYAWLfWsAAAAAA", "Action Type": "VIEW", "View Time": "0.54 seconds"}, {"Story Date": "2022-04-04 12:00:00 UTC", "Story URL": "https://story.snapchat.com/o/W7_EDlXWTBiXAEEniNoMPwAAYZWZsbHV3Y2VoAX_ob1yRAX_ob1W0AAAAAA", "Action Type": "VIEW", "View Time": "0.85 seconds"}, {"Story Date": "2022-04-04 03:00:00 UTC", "Story URL": "https://story.snapchat.com/o/W7_EDlXWTBiXAEEniNoMPwAAYb3VmdmJlaHhyAX_wdXm7AX_wdWvTAAAAAA", "Action Type": "VIEW", "View Time": "2.76 seconds"}, {"Story Date": "2022-04-04 03:00:00 UTC", "Story URL": "https://story.snapchat.com/o/W7_EDlXWTBiXAEEniNoMPwAAYaHp2dHFxbndkAX_lymejAX_lxt49AAAAAA", "Action Type": "VIEW", "View Time": "0.42 seconds"}, {"Story Date": "2022-04-04 03:00:00 UTC", "Story URL": "https://story.snapchat.com/o/W7_EDlXWTBiXAEEniNoMPwAAYcGZ6Y2Z4bWF5AX_umaS9AX_umViGAAAAAA", "Action Type": "VIEW", "View Time": "5.13 seconds"}, {"Story Date": "2022-04-04 03:00:00 UTC", "Story URL": "https://story.snapchat.com/o/W7_EDlXWTBiXAEEniNoMPwAAYendsYndvb2x5AX_VzHZ0AX_VzGpjAAAAAA", "Action Type": "VIEW", "View Time": "2.26 seconds"}, {"Story Date": "2022-04-01 00:00:00 UTC", "Story URL": "https://story.snapchat.com/o/W7_EDlXWTBiXAEEniNoMPwAAYYWVhYmdpZ3FqAX-e8CB-AX-e8BmYAAAAAA", "Action Type": "VIEW", "View Time": "0.17 seconds"}]}