{"Received Snap History": [{"From": "dorotheah22", "Media Type": "VIDEO", "Created": "2022-06-25 04:43:21 UTC"}, {"From": "dorotheah22", "Media Type": "VIDEO", "Created": "2022-06-25 04:42:39 UTC"}, {"From": "dorotheah22", "Media Type": "VIDEO", "Created": "2022-06-25 04:41:57 UTC"}, {"From": "dorotheah22", "Media Type": "VIDEO", "Created": "2022-06-25 04:41:15 UTC"}, {"From": "dorotheah22", "Media Type": "VIDEO", "Created": "2022-06-25 04:40:34 UTC"}, {"From": "dorotheah22", "Media Type": "VIDEO", "Created": "2022-06-25 04:39:52 UTC"}, {"From": "dorotheah22", "Media Type": "VIDEO", "Created": "2022-06-25 04:39:10 UTC"}, {"From": "dorotheah22", "Media Type": "VIDEO", "Created": "2022-06-25 04:38:28 UTC"}, {"From": "dorotheah22", "Media Type": "VIDEO", "Created": "2022-06-25 04:37:46 UTC"}, {"From": "dorotheah22", "Media Type": "VIDEO", "Created": "2022-06-25 04:37:04 UTC"}, {"From": "dorotheah22", "Media Type": "VIDEO", "Created": "2022-06-25 04:36:21 UTC"}, {"From": "dorotheah22", "Media Type": "VIDEO", "Created": "2022-06-25 04:35:40 UTC"}, {"From": "dorotheah22", "Media Type": "VIDEO", "Created": "2022-06-25 04:34:59 UTC"}, {"From": "dorotheah22", "Media Type": "VIDEO", "Created": "2022-06-25 04:34:18 UTC"}, {"From": "dorotheah22", "Media Type": "VIDEO", "Created": "2022-06-25 04:33:36 UTC"}, {"From": "dorotheah22", "Media Type": "VIDEO", "Created": "2022-06-25 04:31:33 UTC"}, {"From": "dorotheah22", "Media Type": "VIDEO", "Created": "2022-06-25 04:30:51 UTC"}, {"From": "dorotheah22", "Media Type": "VIDEO", "Created": "2022-06-25 04:30:10 UTC"}, {"From": "dorotheah22", "Media Type": "VIDEO", "Created": "2022-06-25 04:29:28 UTC"}, {"From": "dorotheah22", "Media Type": "VIDEO", "Created": "2022-06-25 04:28:46 UTC"}, {"From": "dorotheah22", "Media Type": "VIDEO", "Created": "2022-06-25 04:28:05 UTC"}, {"From": "dorotheah22", "Media Type": "VIDEO", "Created": "2022-06-25 04:27:24 UTC"}, {"From": "dorotheah22", "Media Type": "VIDEO", "Created": "2022-06-25 04:26:43 UTC"}, {"From": "dorotheah22", "Media Type": "VIDEO", "Created": "2022-06-25 04:26:02 UTC"}, {"From": "dorotheah22", "Media Type": "VIDEO", "Created": "2022-06-25 04:25:21 UTC"}, {"From": "dorotheah22", "Media Type": "VIDEO", "Created": "2022-06-25 04:23:19 UTC"}, {"From": "dorotheah22", "Media Type": "VIDEO", "Created": "2022-06-25 04:22:38 UTC"}, {"From": "dorotheah22", "Media Type": "VIDEO", "Created": "2022-06-25 04:21:57 UTC"}, {"From": "dorotheah22", "Media Type": "VIDEO", "Created": "2022-06-25 04:21:16 UTC"}, {"From": "dorotheah22", "Media Type": "VIDEO", "Created": "2022-06-25 04:20:35 UTC"}, {"From": "dorotheah22", "Media Type": "VIDEO", "Created": "2022-06-25 04:19:54 UTC"}, {"From": "dorotheah22", "Media Type": "VIDEO", "Created": "2022-06-25 04:19:13 UTC"}, {"From": "dorotheah22", "Media Type": "VIDEO", "Created": "2022-06-25 04:18:32 UTC"}, {"From": "dorotheah22", "Media Type": "VIDEO", "Created": "2022-06-25 04:17:51 UTC"}, {"From": "dorotheah22", "Media Type": "VIDEO", "Created": "2022-06-25 04:17:10 UTC"}, {"From": "dorotheah22", "Media Type": "VIDEO", "Created": "2022-06-25 04:16:29 UTC"}, {"From": "dorotheah22", "Media Type": "VIDEO", "Created": "2022-06-25 04:15:47 UTC"}, {"From": "dorotheah22", "Media Type": "VIDEO", "Created": "2022-06-25 04:15:06 UTC"}, {"From": "dorotheah22", "Media Type": "VIDEO", "Created": "2022-06-25 04:14:24 UTC"}, {"From": "dorotheah22", "Media Type": "VIDEO", "Created": "2022-06-25 04:13:43 UTC"}, {"From": "dorotheah22", "Media Type": "VIDEO", "Created": "2022-06-25 04:13:01 UTC"}, {"From": "dorotheah22", "Media Type": "VIDEO", "Created": "2022-06-25 04:12:20 UTC"}, {"From": "wadla0599", "Media Type": "IMAGE", "Created": "2022-06-25 01:57:56 UTC"}, {"From": "bsb18700", "Media Type": "IMAGE", "Created": "2022-06-24 16:16:47 UTC"}, {"From": "svs-jj", "Media Type": "IMAGE", "Created": "2022-06-24 14:53:46 UTC"}, {"From": "hmdhshm6453", "Media Type": "VIDEO", "Created": "2022-06-24 08:55:40 UTC"}, {"From": "hmdhshm6453", "Media Type": "VIDEO", "Created": "2022-06-24 08:55:40 UTC"}, {"From": "hmdhshm6453", "Media Type": "VIDEO", "Created": "2022-06-24 08:55:38 UTC"}, {"From": "hmdhshm6453", "Media Type": "VIDEO", "Created": "2022-06-24 08:55:36 UTC"}, {"From": "wadla0599", "Media Type": "IMAGE", "Created": "2022-06-23 23:25:43 UTC"}, {"From": "wadla0599", "Media Type": "IMAGE", "Created": "2022-06-23 23:23:32 UTC"}, {"From": "bsb18700", "Media Type": "VIDEO", "Created": "2022-06-23 11:32:57 UTC"}, {"From": "bsb18700", "Media Type": "VIDEO", "Created": "2022-06-23 11:32:57 UTC"}, {"From": "bsb18700", "Media Type": "VIDEO", "Created": "2022-06-23 11:02:06 UTC"}, {"From": "bsb18700", "Media Type": "VIDEO", "Created": "2022-06-23 11:02:06 UTC"}, {"From": "bsb18700", "Media Type": "VIDEO", "Created": "2022-06-23 07:23:48 UTC"}, {"From": "wadla0599", "Media Type": "IMAGE", "Created": "2022-06-22 23:57:40 UTC"}, {"From": "wadla0599", "Media Type": "IMAGE", "Created": "2022-06-22 17:24:45 UTC"}, {"From": "wadla0599", "Media Type": "VIDEO", "Created": "2022-06-22 12:09:45 UTC"}, {"From": "wadla0599", "Media Type": "IMAGE", "Created": "2022-06-22 11:59:26 UTC"}, {"From": "abomoni2", "Media Type": "VIDEO", "Created": "2022-06-22 08:40:51 UTC"}, {"From": "abomoni2", "Media Type": "VIDEO", "Created": "2022-06-22 08:40:32 UTC"}, {"From": "abomoni2", "Media Type": "VIDEO", "Created": "2022-06-22 08:40:19 UTC"}, {"From": "abomoni2", "Media Type": "VIDEO", "Created": "2022-06-22 08:40:08 UTC"}, {"From": "abomoni2", "Media Type": "VIDEO", "Created": "2022-06-22 08:39:44 UTC"}, {"From": "bsb18700", "Media Type": "IMAGE", "Created": "2022-06-22 06:01:21 UTC"}, {"From": "wadla0599", "Media Type": "IMAGE", "Created": "2022-06-21 17:22:32 UTC"}, {"From": "wadla0599", "Media Type": "VIDEO", "Created": "2022-06-20 23:49:50 UTC"}, {"From": "wadla0599", "Media Type": "VIDEO", "Created": "2022-06-20 23:49:50 UTC"}, {"From": "wadla0599", "Media Type": "IMAGE", "Created": "2022-06-20 20:23:35 UTC"}, {"From": "bsb18700", "Media Type": "IMAGE", "Created": "2022-06-20 11:47:18 UTC"}, {"From": "bsb18700", "Media Type": "IMAGE", "Created": "2022-06-19 20:45:55 UTC"}, {"From": "bsb18700", "Media Type": "IMAGE", "Created": "2022-06-19 20:31:02 UTC"}, {"From": "bsb18700", "Media Type": "IMAGE", "Created": "2022-06-19 20:31:01 UTC"}, {"From": "bsb18700", "Media Type": "IMAGE", "Created": "2022-06-19 20:31:01 UTC"}, {"From": "bsb18700", "Media Type": "IMAGE", "Created": "2022-06-19 20:31:00 UTC"}, {"From": "bsb18700", "Media Type": "IMAGE", "Created": "2022-06-19 20:31:00 UTC"}, {"From": "wadla0599", "Media Type": "IMAGE", "Created": "2022-06-19 20:00:56 UTC"}, {"From": "wadla0599", "Media Type": "IMAGE", "Created": "2022-06-19 15:05:33 UTC"}, {"From": "wadla0599", "Media Type": "VIDEO", "Created": "2022-06-19 13:55:05 UTC"}, {"From": "wadla0599", "Media Type": "VIDEO", "Created": "2022-06-19 13:55:04 UTC"}, {"From": "bsb18700", "Media Type": "VIDEO", "Created": "2022-06-19 05:38:48 UTC"}, {"From": "wadla0599", "Media Type": "VIDEO", "Created": "2022-06-18 18:37:40 UTC"}, {"From": "wadla0599", "Media Type": "VIDEO", "Created": "2022-06-18 18:37:37 UTC"}, {"From": "wadla0599", "Media Type": "VIDEO", "Created": "2022-06-18 18:37:33 UTC"}, {"From": "wadla0599", "Media Type": "IMAGE", "Created": "2022-06-18 17:31:43 UTC"}, {"From": "bsb18700", "Media Type": "VIDEO", "Created": "2022-06-18 15:09:54 UTC"}, {"From": "wadla0599", "Media Type": "IMAGE", "Created": "2022-06-18 14:25:48 UTC"}, {"From": "bsb18700", "Media Type": "IMAGE", "Created": "2022-06-17 21:46:44 UTC"}, {"From": "wadla0599", "Media Type": "VIDEO", "Created": "2022-06-17 18:39:33 UTC"}, {"From": "wadla0599", "Media Type": "VIDEO", "Created": "2022-06-17 18:39:33 UTC"}, {"From": "wadla0599", "Media Type": "VIDEO", "Created": "2022-06-17 18:39:32 UTC"}, {"From": "wadla0599", "Media Type": "VIDEO", "Created": "2022-06-17 18:39:31 UTC"}, {"From": "bsb18700", "Media Type": "VIDEO", "Created": "2022-06-17 08:04:50 UTC"}, {"From": "bsb18700", "Media Type": "VIDEO", "Created": "2022-06-17 07:26:26 UTC"}, {"From": "bsb18700", "Media Type": "VIDEO", "Created": "2022-06-17 07:26:25 UTC"}, {"From": "bsb18700", "Media Type": "VIDEO", "Created": "2022-06-17 07:26:25 UTC"}, {"From": "bsb18700", "Media Type": "VIDEO", "Created": "2022-06-17 07:26:25 UTC"}, {"From": "bsb18700", "Media Type": "VIDEO", "Created": "2022-06-17 06:39:38 UTC"}, {"From": "bsb18700", "Media Type": "VIDEO", "Created": "2022-06-17 06:39:33 UTC"}, {"From": "bsb18700", "Media Type": "VIDEO", "Created": "2022-06-17 06:06:16 UTC"}, {"From": "mbz45t", "Media Type": "IMAGE", "Created": "2022-06-17 00:50:34 UTC"}, {"From": "wadla0599", "Media Type": "IMAGE", "Created": "2022-06-16 21:51:38 UTC"}, {"From": "bsb18700", "Media Type": "IMAGE", "Created": "2022-06-16 19:28:31 UTC"}, {"From": "wadla0599", "Media Type": "VIDEO", "Created": "2022-06-16 18:37:28 UTC"}, {"From": "wadla0599", "Media Type": "VIDEO", "Created": "2022-06-16 18:37:27 UTC"}, {"From": "wadla0599", "Media Type": "VIDEO", "Created": "2022-06-16 18:37:26 UTC"}, {"From": "wadla0599", "Media Type": "VIDEO", "Created": "2022-06-16 18:37:25 UTC"}, {"From": "wadla0599", "Media Type": "VIDEO", "Created": "2022-06-16 18:37:24 UTC"}, {"From": "wadla0599", "Media Type": "IMAGE", "Created": "2022-06-16 16:06:52 UTC"}, {"From": "wadla0599", "Media Type": "VIDEO", "Created": "2022-06-16 00:20:31 UTC"}, {"From": "wadla0599", "Media Type": "VIDEO", "Created": "2022-06-16 00:20:28 UTC"}, {"From": "wadla0599", "Media Type": "VIDEO", "Created": "2022-06-16 00:20:27 UTC"}, {"From": "wadla0599", "Media Type": "VIDEO", "Created": "2022-06-16 00:20:26 UTC"}, {"From": "wadla0599", "Media Type": "VIDEO", "Created": "2022-06-16 00:20:25 UTC"}, {"From": "wadla0599", "Media Type": "VIDEO", "Created": "2022-06-16 00:20:23 UTC"}, {"From": "bsb18700", "Media Type": "IMAGE", "Created": "2022-06-15 19:38:36 UTC"}, {"From": "wadla0599", "Media Type": "VIDEO", "Created": "2022-06-15 16:07:47 UTC"}, {"From": "wadla0599", "Media Type": "VIDEO", "Created": "2022-06-15 16:07:47 UTC"}, {"From": "wadla0599", "Media Type": "VIDEO", "Created": "2022-06-15 16:07:45 UTC"}, {"From": "wadla0599", "Media Type": "IMAGE", "Created": "2022-06-15 00:24:38 UTC"}, {"From": "wadla0599", "Media Type": "IMAGE", "Created": "2022-06-14 22:35:38 UTC"}, {"From": "bsb18700", "Media Type": "IMAGE", "Created": "2022-06-14 18:25:40 UTC"}, {"From": "bsb18700", "Media Type": "IMAGE", "Created": "2022-06-13 19:03:46 UTC"}, {"From": "bsb18700", "Media Type": "VIDEO", "Created": "2022-06-12 19:28:45 UTC"}, {"From": "bsb18700", "Media Type": "VIDEO", "Created": "2022-06-12 19:27:37 UTC"}, {"From": "bsb18700", "Media Type": "VIDEO", "Created": "2022-06-11 19:48:06 UTC"}, {"From": "bsb18700", "Media Type": "VIDEO", "Created": "2022-06-11 19:48:06 UTC"}, {"From": "bsb18700", "Media Type": "VIDEO", "Created": "2022-06-11 19:48:06 UTC"}, {"From": "bsb18700", "Media Type": "VIDEO", "Created": "2022-06-11 19:48:05 UTC"}, {"From": "bsb18700", "Media Type": "IMAGE", "Created": "2022-06-11 16:04:36 UTC"}, {"From": "saso17777", "Media Type": "VIDEO", "Created": "2022-06-10 13:21:59 UTC"}, {"From": "saso17777", "Media Type": "VIDEO", "Created": "2022-06-09 22:20:06 UTC"}, {"From": "saso17777", "Media Type": "VIDEO", "Created": "2022-06-09 22:20:05 UTC"}, {"From": "saso17777", "Media Type": "VIDEO", "Created": "2022-06-09 22:20:05 UTC"}, {"From": "saso17777", "Media Type": "VIDEO", "Created": "2022-06-09 22:16:30 UTC"}, {"From": "saso17777", "Media Type": "VIDEO", "Created": "2022-06-09 22:16:29 UTC"}, {"From": "saso17777", "Media Type": "VIDEO", "Created": "2022-06-09 22:16:29 UTC"}, {"From": "saso17777", "Media Type": "VIDEO", "Created": "2022-06-09 22:16:28 UTC"}, {"From": "saso17777", "Media Type": "VIDEO", "Created": "2022-06-09 22:16:28 UTC"}, {"From": "saso17777", "Media Type": "VIDEO", "Created": "2022-06-09 22:16:27 UTC"}, {"From": "mbdllhslh2020", "Media Type": "VIDEO", "Created": "2022-06-03 19:05:24 UTC"}, {"From": "mbdllhslh2020", "Media Type": "VIDEO", "Created": "2022-06-03 19:05:16 UTC"}, {"From": "mbdllhslh2020", "Media Type": "VIDEO", "Created": "2022-06-03 19:05:09 UTC"}, {"From": "mbdllhslh2020", "Media Type": "VIDEO", "Created": "2022-06-03 19:05:02 UTC"}, {"From": "mbdllhslh2020", "Media Type": "VIDEO", "Created": "2022-06-03 19:04:49 UTC"}, {"From": "mbdllhslh2020", "Media Type": "VIDEO", "Created": "2022-06-03 02:19:28 UTC"}, {"From": "mbdllhslh2020", "Media Type": "VIDEO", "Created": "2022-06-03 02:19:05 UTC"}, {"From": "mbdllhslh2020", "Media Type": "VIDEO", "Created": "2022-06-03 02:18:23 UTC"}, {"From": "mbdllhslh2020", "Media Type": "VIDEO", "Created": "2022-06-02 22:47:25 UTC"}, {"From": "mbdllhslh2020", "Media Type": "VIDEO", "Created": "2022-06-02 22:47:19 UTC"}, {"From": "mbdllhslh2020", "Media Type": "VIDEO", "Created": "2022-06-02 22:47:06 UTC"}, {"From": "mbdllhslh2020", "Media Type": "IMAGE", "Created": "2022-06-01 22:02:41 UTC"}, {"From": "asii-77", "Media Type": "VIDEO", "Created": "2022-05-27 13:18:28 UTC"}, {"From": "asii-77", "Media Type": "VIDEO", "Created": "2022-05-27 13:18:27 UTC"}, {"From": "badr-alamri", "Media Type": "IMAGE", "Created": "2021-06-30 02:59:34 UTC"}], "Sent Snap History": [{"To": "htoni47", "Media Type": "IMAGE", "Created": "2022-06-24 12:33:17 UTC"}, {"To": "rll8.8", "Media Type": "VIDEO", "Created": "2022-06-21 14:14:00 UTC"}, {"To": "rll8.8", "Media Type": "VIDEO", "Created": "2022-06-21 14:14:00 UTC"}, {"To": "rll8.8", "Media Type": "VIDEO", "Created": "2022-06-21 14:14:00 UTC"}, {"To": "rll8.8", "Media Type": "VIDEO", "Created": "2022-06-21 14:14:00 UTC"}, {"To": "magd_1726", "Media Type": "VIDEO", "Created": "2022-06-21 14:14:00 UTC"}, {"To": "magd_1726", "Media Type": "VIDEO", "Created": "2022-06-21 14:14:00 UTC"}, {"To": "magd_1726", "Media Type": "VIDEO", "Created": "2022-06-21 14:14:00 UTC"}, {"To": "magd_1726", "Media Type": "VIDEO", "Created": "2022-06-21 14:14:00 UTC"}, {"To": "m_bw11", "Media Type": "VIDEO", "Created": "2022-06-21 11:54:48 UTC"}, {"To": "magd_1726", "Media Type": "VIDEO", "Created": "2022-06-21 04:49:17 UTC"}, {"To": "bsb18700", "Media Type": "VIDEO", "Created": "2022-06-20 11:50:36 UTC"}, {"To": "bsb18700", "Media Type": "VIDEO", "Created": "2022-06-20 11:50:33 UTC"}, {"To": "ks1tr", "Media Type": "IMAGE", "Created": "2022-06-17 21:44:23 UTC"}, {"To": "aboodalturki1", "Media Type": "VIDEO", "Created": "2022-06-17 19:39:49 UTC"}, {"To": "sule_115", "Media Type": "IMAGE", "Created": "2022-06-17 14:05:15 UTC"}, {"To": "moh_bebeto", "Media Type": "IMAGE", "Created": "2022-06-17 14:05:15 UTC"}, {"To": "mbz45t", "Media Type": "IMAGE", "Created": "2022-06-17 14:03:28 UTC"}, {"To": "magd_1726", "Media Type": "IMAGE", "Created": "2022-06-17 14:03:28 UTC"}, {"To": "abdullah_s5108", "Media Type": "IMAGE", "Created": "2022-06-17 14:01:08 UTC"}, {"To": "moh_bebeto", "Media Type": "IMAGE", "Created": "2022-06-17 14:00:25 UTC"}, {"To": "abomoni2", "Media Type": "VIDEO", "Created": "2022-06-17 13:58:30 UTC"}, {"To": "wadla0599", "Media Type": "VIDEO", "Created": "2022-06-16 18:37:50 UTC"}, {"To": "shosho_oio", "Media Type": "VIDEO", "Created": "2022-06-10 21:40:15 UTC"}, {"To": "m7shsh_911", "Media Type": "VIDEO", "Created": "2022-05-27 23:15:16 UTC"}, {"To": "m7shsh_911", "Media Type": "VIDEO", "Created": "2022-05-27 23:15:16 UTC"}, {"To": "abood14198", "Media Type": "VIDEO", "Created": "2022-05-27 23:15:16 UTC"}, {"To": "abood14198", "Media Type": "VIDEO", "Created": "2022-05-27 23:15:16 UTC"}, {"To": "nwf_lhrby2024", "Media Type": "VIDEO", "Created": "2022-05-27 23:15:16 UTC"}, {"To": "nwf_lhrby2024", "Media Type": "VIDEO", "Created": "2022-05-27 23:15:16 UTC"}, {"To": "np-jv", "Media Type": "VIDEO", "Created": "2022-05-27 23:15:16 UTC"}, {"To": "np-jv", "Media Type": "VIDEO", "Created": "2022-05-27 23:15:16 UTC"}, {"To": "nwf_lhrby2024", "Media Type": "VIDEO", "Created": "2022-05-26 22:19:55 UTC"}, {"To": "m7shsh_911", "Media Type": "VIDEO", "Created": "2022-05-26 22:18:55 UTC"}, {"To": "abood14198", "Media Type": "VIDEO", "Created": "2022-05-26 19:25:56 UTC"}, {"To": "soumma45", "Media Type": "VIDEO", "Created": "2022-05-26 19:25:56 UTC"}, {"To": "abood14198", "Media Type": "VIDEO", "Created": "2022-05-26 19:25:55 UTC"}, {"To": "abood14198", "Media Type": "VIDEO", "Created": "2022-05-26 19:25:55 UTC"}, {"To": "abood14198", "Media Type": "VIDEO", "Created": "2022-05-26 19:25:55 UTC"}, {"To": "soumma45", "Media Type": "VIDEO", "Created": "2022-05-26 19:25:55 UTC"}, {"To": "soumma45", "Media Type": "VIDEO", "Created": "2022-05-26 19:25:55 UTC"}, {"To": "soumma45", "Media Type": "VIDEO", "Created": "2022-05-26 19:25:55 UTC"}, {"To": "abood14198", "Media Type": "VIDEO", "Created": "2022-05-26 19:25:54 UTC"}, {"To": "soumma45", "Media Type": "VIDEO", "Created": "2022-05-26 19:25:54 UTC"}, {"To": "abood14198", "Media Type": "VIDEO", "Created": "2022-05-26 19:25:53 UTC"}, {"To": "soumma45", "Media Type": "VIDEO", "Created": "2022-05-26 19:25:53 UTC"}, {"To": "ssss.4647", "Media Type": "VIDEO", "Created": "2022-04-05 17:38:56 UTC"}, {"To": "mbz45t", "Media Type": "VIDEO", "Created": "2022-02-04 14:41:41 UTC"}, {"To": "m_bw11", "Media Type": "VIDEO", "Created": "2022-01-07 17:30:32 UTC"}, {"To": "g501m", "Media Type": "IMAGE", "Created": "2021-12-15 06:11:53 UTC"}, {"To": "m_bw11", "Media Type": "VIDEO", "Created": "2021-10-22 18:44:24 UTC"}, {"To": "m_bw11", "Media Type": "VIDEO", "Created": "2021-10-22 18:43:10 UTC"}, {"To": "m_bw11", "Media Type": "IMAGE", "Created": "2021-10-04 15:30:30 UTC"}, {"To": "m_bw11", "Media Type": "IMAGE", "Created": "2021-09-19 16:58:26 UTC"}, {"To": "m_bw11", "Media Type": "IMAGE", "Created": "2021-09-19 16:41:49 UTC"}, {"To": "hatemabdullah84", "Media Type": "IMAGE", "Created": "2021-08-26 22:12:20 UTC"}, {"To": "hatemabdullah84", "Media Type": "VIDEO", "Created": "2021-07-29 03:22:41 UTC"}, {"To": "m_bw11", "Media Type": "VIDEO", "Created": "2021-07-28 22:42:22 UTC"}, {"To": "m_bw11", "Media Type": "VIDEO", "Created": "2021-07-28 22:39:59 UTC"}, {"To": "hmdhshm6453", "Media Type": "IMAGE", "Created": "2021-07-02 22:55:41 UTC"}, {"To": "m_bw11", "Media Type": "VIDEO", "Created": "2021-06-10 17:59:34 UTC"}, {"To": "m_bw11", "Media Type": "IMAGE", "Created": "2021-06-06 22:00:09 UTC"}], "App Story History": []}