{"Snapcode Scan History": [{"Date": "2022-06-22 10:32:39 UTC", "Snapcode Type": "Add Friend", "Description": "k_albatgy2020"}, {"Date": "2022-06-14 17:19:17 UTC", "Snapcode Type": "Add Friend", "Description": "badr050554"}, {"Date": "2022-06-04 07:29:14 UTC", "Snapcode Type": "Lens", "Description": "Lipton Iced Tea, https://lens.snapchat.com/0a8597bd08734856ac9e828ddc0046e3"}, {"Date": "2022-06-03 16:30:39 UTC", "Snapcode Type": "Lens", "Description": "Lipton Iced Tea, https://lens.snapchat.com/0a8597bd08734856ac9e828ddc0046e3"}, {"Date": "2022-05-29 17:57:09 UTC", "Snapcode Type": "Add Friend", "Description": "mishari8779"}, {"Date": "2022-05-27 02:51:57 UTC", "Snapcode Type": "Lens", "Description": "Lipton Iced Tea, https://lens.snapchat.com/0a8597bd08734856ac9e828ddc0046e3"}, {"Date": "2022-05-22 10:17:31 UTC", "Snapcode Type": "Add Friend", "Description": "alaa_lool88"}, {"Date": "2022-05-19 22:03:08 UTC", "Snapcode Type": "Lens", "Description": "Lipton Iced Tea, https://lens.snapchat.com/0a8597bd08734856ac9e828ddc0046e3"}, {"Date": "2022-05-19 22:02:55 UTC", "Snapcode Type": "Lens", "Description": "Lipton Iced Tea, https://lens.snapchat.com/0a8597bd08734856ac9e828ddc0046e3"}, {"Date": "2022-05-14 15:06:03 UTC", "Snapcode Type": "Add Friend", "Description": "abuzaidmody"}, {"Date": "2022-05-09 10:14:30 UTC", "Snapcode Type": "Add Friend", "Description": "forladymakkah"}, {"Date": "2022-05-03 02:04:34 UTC", "Snapcode Type": "Add Friend", "Description": "adnan1403"}, {"Date": "2022-04-07 14:29:40 UTC", "Snapcode Type": "Add Friend", "Description": "safaalsheikh85"}, {"Date": "2022-04-07 14:29:19 UTC", "Snapcode Type": "Add Friend", "Description": "safaalsheikh85"}, {"Date": "2022-04-07 14:28:19 UTC", "Snapcode Type": "Add Friend", "Description": "safaalsheikh85"}]}