{"Snap Map Places History": [{"Date": "2022-06-04 12:23:54 UTC", "Place": "Al Hamadaniyah", "Place Location": "\u062c\u062f\u0629, MK", "Share Type": "Story Post"}, {"Date": "2022-05-27 16:50:55 UTC", "Place": "Jeddah", "Place Location": "\u062c\u062f\u0629, MK", "Share Type": "Story Post"}, {"Date": "2022-05-27 14:09:06 UTC", "Place": "Jeddah", "Place Location": "\u062c\u062f\u0629, MK", "Share Type": "Story Post"}, {"Date": "2022-05-23 20:32:21 UTC", "Place": "Jeddah", "Place Location": "\u062c\u062f\u0629, MK", "Share Type": "Story Post"}, {"Date": "2022-05-23 16:41:49 UTC", "Place": "Medicine House Laboratories", "Place Location": ", Jeddah", "Share Type": "Story Post"}, {"Date": "2022-05-17 17:16:47 UTC", "Place": "Jeddah", "Place Location": "\u062c\u062f\u0629, MK", "Share Type": "Story Post"}, {"Date": "2022-05-16 16:28:22 UTC", "Place": "Jeddah", "Place Location": "\u062c\u062f\u0629, MK", "Share Type": "Snap Send"}, {"Date": "2022-05-15 15:17:34 UTC", "Place": "Jeddah", "Place Location": "\u062c\u062f\u0629, MK", "Share Type": "Story Post"}, {"Date": "2022-05-14 15:12:02 UTC", "Place": "Turubah", "Place Location": "\u062a\u0631\u0628\u0629, HA", "Share Type": "Story Post"}, {"Date": "2022-05-13 21:49:38 UTC", "Place": "\u0648\u0627\u062f\u064a \u062a\u0631\u0628\u0629 \u0632\u0647\u0631\u0627\u0646", "Place Location": "Hadram, BA", "Share Type": "Story Post"}, {"Date": "2022-05-13 07:27:08 UTC", "Place": "A\u0163 \u0162\u0101yif", "Place Location": "A\u0163 \u0162\u0101yif, MA", "Share Type": "Story Post"}, {"Date": "2022-05-13 06:46:21 UTC", "Place": "Ta&#39;if", "Place Location": ", ", "Share Type": "Story Post"}, {"Date": "2022-05-04 16:38:20 UTC", "Place": "Mecca", "Place Location": ", ", "Share Type": "Story Post"}, {"Date": "2022-04-26 00:03:36 UTC", "Place": "\u0645\u0647\u062c\u0629 (\u0627\u0644\u0635\u0641\u0627)", "Place Location": "Jeddah, MK", "Share Type": "Story Post"}, {"Date": "2022-04-19 18:42:22 UTC", "Place": "Al Wahah", "Place Location": "\u062c\u062f\u0629, MK", "Share Type": "Story Post"}, {"Date": "2022-04-09 20:15:10 UTC", "Place": "As Safa", "Place Location": "\u062c\u062f\u0629, MK", "Share Type": "Story Post"}, {"Date": "2022-04-08 20:49:37 UTC", "Place": "Mecca", "Place Location": ", ", "Share Type": "Story Post"}, {"Date": "2022-04-02 19:16:53 UTC", "Place": "Al Wahah", "Place Location": "\u062c\u062f\u0629, MK", "Share Type": "Story Post"}, {"Date": "2022-03-28 21:13:50 UTC", "Place": "\u0645\u0645\u0634\u0649 \u0627\u0644\u062d\u0645\u0631\u0627\u0621", "Place Location": "Mecca, MK", "Share Type": "Snap Send"}, {"Date": "2022-03-28 21:08:51 UTC", "Place": "Mecca", "Place Location": ", ", "Share Type": "Snap Send"}, {"Date": "2022-03-20 08:18:12 UTC", "Place": "Jeddah", "Place Location": "\u062c\u062f\u0629, MK", "Share Type": "Snap Send"}, {"Date": "2022-03-17 21:44:29 UTC", "Place": "Al Aziziyah", "Place Location": "\u062c\u062f\u0629, MK", "Share Type": "Story Post"}, {"Date": "2022-03-17 17:48:13 UTC", "Place": "Mecca", "Place Location": ", ", "Share Type": "Story Post"}, {"Date": "2022-03-16 20:44:36 UTC", "Place": "\u0645\u0645\u0634\u0649 \u0627\u0644\u062d\u0645\u0631\u0627\u0621", "Place Location": "Mecca, MK", "Share Type": "Snap Send"}, {"Date": "2022-03-15 16:57:36 UTC", "Place": "Jeddah", "Place Location": "\u062c\u062f\u0629, MK", "Share Type": "Story Post"}, {"Date": "2022-03-12 07:07:40 UTC", "Place": "Jeddah", "Place Location": "\u062c\u062f\u0629, MK", "Share Type": "Snap Send"}, {"Date": "2022-03-12 06:26:25 UTC", "Place": "Jeddah", "Place Location": "\u062c\u062f\u0629, MK", "Share Type": "Snap Send"}, {"Date": "2022-03-12 06:19:01 UTC", "Place": "Jeddah", "Place Location": "\u062c\u062f\u0629, MK", "Share Type": "Snap Send"}, {"Date": "2022-03-12 06:01:12 UTC", "Place": "Jeddah", "Place Location": "\u062c\u062f\u0629, MK", "Share Type": "Story Post"}, {"Date": "2022-03-11 23:19:25 UTC", "Place": "Mecca", "Place Location": ", ", "Share Type": "Story Post"}, {"Date": "2022-03-11 18:58:01 UTC", "Place": "Mecca", "Place Location": ", ", "Share Type": "Story Post"}, {"Date": "2022-03-11 17:30:26 UTC", "Place": "Mecca", "Place Location": ", ", "Share Type": "Story Post"}, {"Date": "2022-03-11 05:13:24 UTC", "Place": "King Abdul Aziz Hospital ICU Departement", "Place Location": "Mecca, MK", "Share Type": "Story Post"}, {"Date": "2022-03-10 16:59:14 UTC", "Place": "Mecca", "Place Location": ", ", "Share Type": "Story Post"}, {"Date": "2022-03-09 14:22:53 UTC", "Place": "Mecca", "Place Location": ", ", "Share Type": "Story Post"}, {"Date": "2022-03-09 14:22:41 UTC", "Place": "Mecca", "Place Location": ", ", "Share Type": "Snap Send"}, {"Date": "2022-03-09 13:01:15 UTC", "Place": "Mecca", "Place Location": ", ", "Share Type": "Story Post"}, {"Date": "2022-03-09 06:19:24 UTC", "Place": "Mecca", "Place Location": ", ", "Share Type": "Story Post"}, {"Date": "2022-03-08 08:29:48 UTC", "Place": "Mecca", "Place Location": ", ", "Share Type": "Story Post"}, {"Date": "2022-03-08 03:22:49 UTC", "Place": "\u062c\u0627\u0645\u0639\u0629 \u0627\u0645 \u0627\u0644\u0642\u0631\u0649", "Place Location": "Mecca, Makkah", "Share Type": "Story Post"}, {"Date": "2022-03-08 03:17:35 UTC", "Place": "\u062c\u0627\u0645\u0639\u0629 \u0627\u0645 \u0627\u0644\u0642\u0631\u0649", "Place Location": "Mecca, Makkah", "Share Type": "Story Post"}, {"Date": "2022-03-06 14:07:46 UTC", "Place": "Mecca", "Place Location": ", ", "Share Type": "Story Post"}, {"Date": "2022-03-06 07:24:31 UTC", "Place": "Mecca", "Place Location": ", ", "Share Type": "Story Post"}, {"Date": "2022-03-05 04:12:37 UTC", "Place": "Mecca", "Place Location": ", ", "Share Type": "Snap Send"}, {"Date": "2022-03-05 04:12:00 UTC", "Place": "Mecca", "Place Location": ", ", "Share Type": "Snap Send"}, {"Date": "2022-03-05 04:11:43 UTC", "Place": "Mecca", "Place Location": ", ", "Share Type": "Snap Send"}, {"Date": "2022-03-05 04:11:23 UTC", "Place": "\u0645\u0645\u0634\u0649 \u0627\u0644\u062d\u0645\u0631\u0627\u0621", "Place Location": "Mecca, MK", "Share Type": "Snap Send"}, {"Date": "2022-03-02 11:09:00 UTC", "Place": "Jmix Tower    \u0628\u0631\u062c \u062c\u064a\u0645\u0643\u0633", "Place Location": "Jeddah, Makkah", "Share Type": "Story Post"}, {"Date": "2022-02-24 20:29:23 UTC", "Place": "Mecca", "Place Location": ", ", "Share Type": "Story Post"}, {"Date": "2022-02-24 12:30:26 UTC", "Place": "Mecca", "Place Location": ", ", "Share Type": "Story Post"}, {"Date": "2022-02-21 17:03:29 UTC", "Place": "Zad Mart", "Place Location": "Jeddah, Makkah", "Share Type": "Story Post"}, {"Date": "2022-02-18 17:38:10 UTC", "Place": "Mecca", "Place Location": ", ", "Share Type": "Story Post"}, {"Date": "2022-02-18 16:01:40 UTC", "Place": "Mecca", "Place Location": ", ", "Share Type": "Story Post"}, {"Date": "2022-02-15 23:51:51 UTC", "Place": "Mecca", "Place Location": ", ", "Share Type": "Story Post"}, {"Date": "2022-02-15 21:54:05 UTC", "Place": "Faculty of Applied Medical Science   \u0643\u0644\u064a\u0629 \u0627\u0644\u0639\u0644\u0648\u0645 \u0627\u0644\u0637\u0628\u064a\u0629 \u0627\u0644\u062a\u0637\u0628\u064a\u0642\u064a\u0629", "Place Location": "Mecca, Makkah", "Share Type": "Story Post"}, {"Date": "2022-02-14 15:41:40 UTC", "Place": "Jeddah", "Place Location": "\u062c\u062f\u0629, MK", "Share Type": "Snap Send"}, {"Date": "2022-02-13 19:45:25 UTC", "Place": "Mecca", "Place Location": ", ", "Share Type": "Story Post"}, {"Date": "2022-02-13 18:23:06 UTC", "Place": "\u0645\u0643\u062a\u0628\u0629 \u0643\u0644\u064a\u0629 \u0627\u0644\u0637\u0628 \u0648 \u0627\u0644\u0639\u0644\u0648\u0645 \u0627\u0644\u0637\u0628\u064a\u0629   \u062c\u0627\u0645\u0639\u0629 \u0623\u0645 \u0627\u0644\u0642\u0631\u0649", "Place Location": "\u0645\u0643\u0629, MK", "Share Type": "Story Post"}, {"Date": "2022-02-11 21:11:25 UTC", "Place": "Mecca", "Place Location": ", ", "Share Type": "Story Post"}, {"Date": "2022-02-09 20:46:48 UTC", "Place": "\u0645\u0643\u062a\u0628\u0629 \u0643\u0644\u064a\u0629 \u0627\u0644\u0637\u0628 \u0648 \u0627\u0644\u0639\u0644\u0648\u0645 \u0627\u0644\u0637\u0628\u064a\u0629   \u062c\u0627\u0645\u0639\u0629 \u0623\u0645 \u0627\u0644\u0642\u0631\u0649", "Place Location": "\u0645\u0643\u0629, MK", "Share Type": "Story Post"}, {"Date": "2022-02-08 10:35:35 UTC", "Place": "\u0645\u0643\u062a\u0628\u0629 \u0643\u0644\u064a\u0629 \u0627\u0644\u0637\u0628 \u0648 \u0627\u0644\u0639\u0644\u0648\u0645 \u0627\u0644\u0637\u0628\u064a\u0629   \u062c\u0627\u0645\u0639\u0629 \u0623\u0645 \u0627\u0644\u0642\u0631\u0649", "Place Location": "\u0645\u0643\u0629, MK", "Share Type": "Story Post"}, {"Date": "2022-02-07 17:08:54 UTC", "Place": "\u0645\u0643\u062a\u0628\u0629 \u0643\u0644\u064a\u0629 \u0627\u0644\u0637\u0628 \u0648 \u0627\u0644\u0639\u0644\u0648\u0645 \u0627\u0644\u0637\u0628\u064a\u0629   \u062c\u0627\u0645\u0639\u0629 \u0623\u0645 \u0627\u0644\u0642\u0631\u0649", "Place Location": "\u0645\u0643\u0629, MK", "Share Type": "Story Post"}, {"Date": "2022-02-07 00:40:05 UTC", "Place": "Faculty of Applied Medical Science   \u0643\u0644\u064a\u0629 \u0627\u0644\u0639\u0644\u0648\u0645 \u0627\u0644\u0637\u0628\u064a\u0629 \u0627\u0644\u062a\u0637\u0628\u064a\u0642\u064a\u0629", "Place Location": "Mecca, Makkah", "Share Type": "Story Post"}, {"Date": "2022-01-31 13:09:22 UTC", "Place": "Top Hibachi - \u062a\u0648\u0628 \u0647\u0628\u0627\u0634\u064a", "Place Location": "Mecca, Makkah", "Share Type": "Snap Send"}, {"Date": "2022-01-31 12:01:04 UTC", "Place": "Mecca", "Place Location": ", ", "Share Type": "Story Post"}, {"Date": "2022-01-29 12:19:45 UTC", "Place": "\u0645\u062a\u062d\u0631 \u0627\u0644\u0623\u0647\u0644\u064a   Al-Ahli F.C. Store", "Place Location": "Jeddah, Makkah", "Share Type": "Story Post"}, {"Date": "2022-01-29 12:02:21 UTC", "Place": "Jeddah", "Place Location": "\u062c\u062f\u0629, MK", "Share Type": "Story Post"}, {"Date": "2022-01-28 07:36:52 UTC", "Place": "King Abdul Aziz Hospital", "Place Location": "Mecca, Makkah", "Share Type": "Story Post"}, {"Date": "2022-01-28 05:33:59 UTC", "Place": "King Abdul Aziz Hospital", "Place Location": "Mecca, Makkah", "Share Type": "Story Post"}, {"Date": "2022-01-28 05:20:11 UTC", "Place": "King Abdul Aziz Hospital", "Place Location": "Mecca, Makkah", "Share Type": "Snap Send"}, {"Date": "2022-01-26 22:34:47 UTC", "Place": "Mecca", "Place Location": ", ", "Share Type": "Story Post"}, {"Date": "2022-01-23 15:49:13 UTC", "Place": "\u0631\u0628\u0648\u0629 \u0645\u0643\u0647", "Place Location": "\u0645\u0643\u0629, MK", "Share Type": "Story Post"}, {"Date": "2022-01-08 16:34:01 UTC", "Place": "As Safa", "Place Location": "\u062c\u062f\u0629, MK", "Share Type": "Story Post"}, {"Date": "2021-12-23 14:10:04 UTC", "Place": "Mecca", "Place Location": ", ", "Share Type": "Story Post"}, {"Date": "2021-12-23 08:02:30 UTC", "Place": "Mecca", "Place Location": ", ", "Share Type": "Story Post"}, {"Date": "2021-12-23 06:51:34 UTC", "Place": "\u0625\u062f\u0627\u0631\u0629 \u0627\u0644\u0628\u0639\u062b\u0627\u062a \u0648 \u0627\u0644\u0639\u0644\u0627\u0642\u0627\u062a \u0627\u0644\u062c\u0627\u0645\u0639\u064a\u0629", "Place Location": "Mecca, Makkah", "Share Type": "Story Post"}, {"Date": "2021-12-18 15:57:10 UTC", "Place": "King Abdulaziz International Airport", "Place Location": "Jeddah, Jeddah", "Share Type": "Story Post"}, {"Date": "2021-12-18 15:51:29 UTC", "Place": "King Abdulaziz International Airport", "Place Location": "Jeddah, Jeddah", "Share Type": "Story Post"}, {"Date": "2021-12-18 12:20:52 UTC", "Place": "Mecca", "Place Location": ", ", "Share Type": "Story Post"}, {"Date": "2021-12-16 23:03:01 UTC", "Place": "Mecca", "Place Location": ", ", "Share Type": "Story Post"}, {"Date": "2021-12-15 06:20:20 UTC", "Place": "King Abdulaziz International Airport", "Place Location": "\u062c\u062f\u0629, MK", "Share Type": "Story Post"}, {"Date": "2021-12-13 09:27:26 UTC", "Place": "Al Faisaliyah", "Place Location": ", ", "Share Type": "Story Post"}, {"Date": "2021-12-12 17:50:30 UTC", "Place": "\u0645\u0633\u062a\u0634\u0641\u0649 \u0639\u0631\u0641\u0627\u0646 \u0642\u0633\u0645 \u0627\u0644\u0627\u0637\u0641\u0627\u0644", "Place Location": "Jeddah, Makkah", "Share Type": "Story Post"}, {"Date": "2021-12-12 15:32:00 UTC", "Place": "Al Aziziyah", "Place Location": "\u062c\u062f\u0629, MK", "Share Type": "Story Post"}, {"Date": "2021-12-12 15:31:59 UTC", "Place": "Al Aziziyah", "Place Location": "\u062c\u062f\u0629, MK", "Share Type": "Story Post"}, {"Date": "2021-11-07 12:07:08 UTC", "Place": "Sky Lounge", "Place Location": "\u062c\u062f\u0629, MK", "Share Type": "Story Post"}, {"Date": "2021-11-04 16:53:11 UTC", "Place": "Makkah", "Place Location": ", ", "Share Type": "Story Post"}, {"Date": "2021-11-03 17:10:56 UTC", "Place": "\u0646\u0627\u062f\u064a \u0645\u0643\u0647 \u0627\u0644\u0631\u064a\u0627\u0636\u064a", "Place Location": "\u0645\u0643\u0629, MK", "Share Type": "Story Post"}, {"Date": "2021-11-03 15:57:04 UTC", "Place": "Jeddah", "Place Location": "\u062c\u062f\u0629, MK", "Share Type": "Story Post"}, {"Date": "2021-11-03 13:49:07 UTC", "Place": "Al Wahah", "Place Location": "\u062c\u062f\u0629, MK", "Share Type": "Story Post"}, {"Date": "2021-11-03 12:08:17 UTC", "Place": "\u0631\u0628\u0648\u0629 \u0645\u0643\u0647", "Place Location": "\u0645\u0643\u0629, MK", "Share Type": "Story Post"}, {"Date": "2021-11-01 21:33:12 UTC", "Place": "Jeddah", "Place Location": "\u062c\u062f\u0629, MK", "Share Type": "Story Post"}, {"Date": "2021-11-01 13:07:03 UTC", "Place": "\u0646\u0627\u062f\u064a \u0645\u0643\u0647 \u0627\u0644\u0631\u064a\u0627\u0636\u064a", "Place Location": "\u0645\u0643\u0629, MK", "Share Type": "Story Post"}, {"Date": "2021-10-31 22:27:47 UTC", "Place": "\u0631\u0628\u0648\u0629 \u0645\u0643\u0647", "Place Location": "\u0645\u0643\u0629, MK", "Share Type": "Story Post"}, {"Date": "2021-10-31 14:34:40 UTC", "Place": "Sky Lounge", "Place Location": "\u062c\u062f\u0629, MK", "Share Type": "Snap Send"}, {"Date": "2021-10-31 14:02:09 UTC", "Place": "\u0646\u0627\u062f\u064a \u0645\u0643\u0647 \u0627\u0644\u0631\u064a\u0627\u0636\u064a", "Place Location": "\u0645\u0643\u0629, MK", "Share Type": "Story Post"}, {"Date": "2021-10-30 22:15:28 UTC", "Place": "\u0646\u0627\u062f\u064a \u0645\u0643\u0647 \u0627\u0644\u0631\u064a\u0627\u0636\u064a", "Place Location": "\u0645\u0643\u0629, MK", "Share Type": "Story Post"}, {"Date": "2021-10-30 12:48:40 UTC", "Place": "Makkah Mall", "Place Location": "Mecca, MK", "Share Type": "Story Post"}, {"Date": "2021-10-29 17:53:30 UTC", "Place": "Mecca", "Place Location": ", ", "Share Type": "Story Post"}, {"Date": "2021-10-28 20:44:39 UTC", "Place": "King Abdulaziz International Airport", "Place Location": "Jeddah, Jeddah", "Share Type": "Story Post"}, {"Date": "2021-10-28 19:52:08 UTC", "Place": "King Abdulaziz International Airport", "Place Location": "Jeddah, Jeddah", "Share Type": "Story Post"}, {"Date": "2021-10-27 20:59:22 UTC", "Place": "\u0631\u0628\u0648\u0629 \u0645\u0643\u0647", "Place Location": "\u0645\u0643\u0629, MK", "Share Type": "Story Post"}, {"Date": "2021-10-27 13:29:45 UTC", "Place": "Mecca", "Place Location": ", ", "Share Type": "Story Post"}, {"Date": "2021-10-25 08:14:46 UTC", "Place": "Jeddah", "Place Location": "\u062c\u062f\u0629, MK", "Share Type": "Story Post"}, {"Date": "2021-10-25 07:52:58 UTC", "Place": "Dr. Samir Abbas Hospital", "Place Location": "Jeddah, Makkah", "Share Type": "Story Post"}, {"Date": "2021-10-25 06:20:16 UTC", "Place": "Dr. Samir Abbas Hospital", "Place Location": "Jeddah, Makkah", "Share Type": "Story Post"}, {"Date": "2021-10-24 11:15:45 UTC", "Place": "\u062c\u0627\u0645\u0639\u0629 \u0627\u0645 \u0627\u0644\u0642\u0631\u0649 / \u0645\u0628\u0646\u0649 \u062c", "Place Location": "Makkah, MK", "Share Type": "Story Post"}, {"Date": "2021-10-24 10:03:12 UTC", "Place": "\u0646\u0627\u062f\u064a \u0645\u0643\u0647 \u0627\u0644\u0631\u064a\u0627\u0636\u064a", "Place Location": "\u0645\u0643\u0629, MK", "Share Type": "Story Post"}, {"Date": "2021-10-24 06:31:33 UTC", "Place": "Al Aziziyah", "Place Location": "\u062c\u062f\u0629, MK", "Share Type": "Story Post"}, {"Date": "2021-10-24 05:52:56 UTC", "Place": "Makkah Mall", "Place Location": "Mecca, MK", "Share Type": "Story Post"}, {"Date": "2021-10-23 21:03:36 UTC", "Place": "Mecca", "Place Location": ", ", "Share Type": "Story Post"}, {"Date": "2021-10-23 08:41:52 UTC", "Place": "Mecca", "Place Location": ", ", "Share Type": "Story Post"}, {"Date": "2021-10-23 01:00:05 UTC", "Place": "Mecca", "Place Location": ", ", "Share Type": "Story Post"}, {"Date": "2021-10-22 22:07:21 UTC", "Place": "Mecca", "Place Location": ", ", "Share Type": "Story Post"}, {"Date": "2021-10-22 19:13:47 UTC", "Place": "Mecca", "Place Location": ", ", "Share Type": "Story Post"}, {"Date": "2021-10-22 14:14:13 UTC", "Place": "Al Rehab", "Place Location": "\u062c\u062f\u0629, MK", "Share Type": "Story Post"}, {"Date": "2021-10-20 19:26:27 UTC", "Place": "Mecca", "Place Location": ", ", "Share Type": "Story Post"}, {"Date": "2021-10-20 18:40:27 UTC", "Place": "Mecca", "Place Location": ", ", "Share Type": "Story Post"}, {"Date": "2021-10-20 08:20:53 UTC", "Place": "\u0645\u062d\u0643\u0645\u0629 \u0627\u0644\u062a\u0646\u0641\u064a\u0630 \u0628\u0645\u0643\u0629 \u0627\u0644\u0645\u0643\u0631\u0645\u0629", "Place Location": "\u0645\u0643\u0629, MK", "Share Type": "Story Post"}, {"Date": "2021-10-18 13:47:45 UTC", "Place": "Al Awali", "Place Location": "\u0645\u0643\u0629, MK", "Share Type": "Snap Send"}, {"Date": "2021-10-16 13:07:12 UTC", "Place": "Mecca", "Place Location": ", ", "Share Type": "Story Post"}, {"Date": "2021-10-15 14:05:50 UTC", "Place": "Mecca", "Place Location": ", ", "Share Type": "Story Post"}, {"Date": "2021-10-13 07:18:19 UTC", "Place": "Al Hamra Umm Al Jud", "Place Location": "Ash Shumaysi, MK", "Share Type": "Snap Send"}, {"Date": "2021-10-12 21:22:52 UTC", "Place": "Al Hamra Umm Al Jud", "Place Location": "Ash Shumaysi, MK", "Share Type": "Snap Send"}, {"Date": "2021-10-12 10:56:57 UTC", "Place": "Al Hamra Umm Al Jud", "Place Location": "Ash Shumaysi, MK", "Share Type": "Snap Send"}, {"Date": "2021-10-08 21:05:33 UTC", "Place": "Al Wahah", "Place Location": "\u062c\u062f\u0629, MK", "Share Type": "Story Post"}, {"Date": "2021-10-08 20:24:52 UTC", "Place": "Al Wahah", "Place Location": "\u062c\u062f\u0629, MK", "Share Type": "Story Post"}, {"Date": "2021-10-08 19:55:16 UTC", "Place": "Al Wahah", "Place Location": "\u062c\u062f\u0629, MK", "Share Type": "Story Post"}, {"Date": "2021-10-07 19:17:49 UTC", "Place": "Al Wahah", "Place Location": "\u062c\u062f\u0629, MK", "Share Type": "Story Post"}, {"Date": "2021-10-01 20:13:25 UTC", "Place": "Ar Rahmanyah", "Place Location": "\u062c\u062f\u0629, MK", "Share Type": "Story Post"}, {"Date": "2021-10-01 00:01:03 UTC", "Place": "Al Wahah", "Place Location": "\u062c\u062f\u0629, MK", "Share Type": "Story Post"}, {"Date": "2021-10-01 00:00:30 UTC", "Place": "Al Wahah", "Place Location": "\u062c\u062f\u0629, MK", "Share Type": "Story Post"}, {"Date": "2021-09-25 02:14:49 UTC", "Place": "\u0627\u0633\u062a\u0631\u0627\u062d\u0647 \u0627\u0644\u0645\u062d\u064a\u0633\u0646\u064a", "Place Location": "\u0645\u0643\u0629, MK", "Share Type": "Story Post"}, {"Date": "2021-09-24 19:59:17 UTC", "Place": "\u0627\u0633\u062a\u0631\u0627\u062d\u0647 \u0627\u0644\u0645\u062d\u064a\u0633\u0646\u064a", "Place Location": "\u0645\u0643\u0629, MK", "Share Type": "Story Post"}, {"Date": "2021-09-23 23:28:58 UTC", "Place": "Jeddah", "Place Location": "\u062c\u062f\u0629, MK", "Share Type": "Story Post"}, {"Date": "2021-09-22 17:34:05 UTC", "Place": "Ar Rabwah", "Place Location": "\u062c\u062f\u0629, MK", "Share Type": "Story Post"}, {"Date": "2021-09-22 12:30:52 UTC", "Place": "Al Safeer Hotel", "Place Location": "Baghdad, Mu\u1e29\u0101faz\u0327at Baghd\u0101d", "Share Type": "Story Post"}, {"Date": "2021-09-20 18:24:08 UTC", "Place": "United States", "Place Location": ", ", "Share Type": "Story Post"}, {"Date": "2021-09-17 18:43:35 UTC", "Place": "Jeddah", "Place Location": "\u062c\u062f\u0629, MK", "Share Type": "Story Post"}, {"Date": "2021-09-16 20:26:26 UTC", "Place": "Al Fairouz Resturant   \u0645\u0637\u0639\u0645 \u0627\u0644\u0641\u064a\u0631\u0648\u0632", "Place Location": "Jeddah, Makkah", "Share Type": "Story Post"}, {"Date": "2021-09-16 05:22:31 UTC", "Place": "Al Itqan Apart-hotel", "Place Location": "Jeddah, Makkah Province", "Share Type": "Story Post"}, {"Date": "2021-09-13 16:24:10 UTC", "Place": "Al Itqan Apart-hotel", "Place Location": "Jeddah, Makkah Province", "Share Type": "Story Post"}, {"Date": "2021-09-11 18:46:57 UTC", "Place": "Al Balad", "Place Location": "\u062c\u062f\u0629, MK", "Share Type": "Story Post"}, {"Date": "2021-09-09 20:32:49 UTC", "Place": "Al Hamadaniyah", "Place Location": "\u062c\u062f\u0629, MK", "Share Type": "Story Post"}, {"Date": "2021-09-09 19:00:28 UTC", "Place": "Al Hamadaniyah", "Place Location": "\u062c\u062f\u0629, MK", "Share Type": "Story Post"}, {"Date": "2021-09-09 03:10:02 UTC", "Place": "Al Itqan Apart-hotel", "Place Location": "Jeddah, Makkah Province", "Share Type": "Story Post"}, {"Date": "2021-08-29 01:15:16 UTC", "Place": "Al Wahah", "Place Location": "\u062c\u062f\u0629, MK", "Share Type": "Story Post"}, {"Date": "2021-08-29 01:15:14 UTC", "Place": "Al Wahah", "Place Location": "\u062c\u062f\u0629, MK", "Share Type": "Snap Send"}, {"Date": "2021-08-28 19:58:57 UTC", "Place": "Prince Abdul Majeed", "Place Location": "\u062c\u062f\u0629, MK", "Share Type": "Story Post"}, {"Date": "2021-08-27 18:43:46 UTC", "Place": "Mecca", "Place Location": ", ", "Share Type": "Story Post"}, {"Date": "2021-08-27 18:31:46 UTC", "Place": "Mecca", "Place Location": ", ", "Share Type": "Story Post"}, {"Date": "2021-08-27 14:08:26 UTC", "Place": "Jeddah", "Place Location": "\u062c\u062f\u0629, MK", "Share Type": "Story Post"}, {"Date": "2021-08-27 14:07:16 UTC", "Place": "Jeddah", "Place Location": "\u062c\u062f\u0629, MK", "Share Type": "Story Post"}, {"Date": "2021-08-24 22:11:44 UTC", "Place": "Al Wahah", "Place Location": "\u062c\u062f\u0629, MK", "Share Type": "Story Post"}, {"Date": "2021-07-28 23:51:24 UTC", "Place": "Jeddah", "Place Location": "\u062c\u062f\u0629, MK", "Share Type": "Story Post"}, {"Date": "2021-07-25 06:59:10 UTC", "Place": "King Fahad Hospital", "Place Location": "Jeddah, Makkah", "Share Type": "Story Post"}, {"Date": "2021-07-23 14:17:40 UTC", "Place": "Jeddah", "Place Location": "\u062c\u062f\u0629, MK", "Share Type": "Story Post"}, {"Date": "2021-07-22 19:27:18 UTC", "Place": "Jeddah", "Place Location": "\u062c\u062f\u0629, MK", "Share Type": "Story Post"}, {"Date": "2021-07-22 18:45:43 UTC", "Place": "Jeddah", "Place Location": "\u062c\u062f\u0629, MK", "Share Type": "Story Post"}, {"Date": "2021-07-20 18:42:10 UTC", "Place": "\u0645\u062d\u0637\u0629 \u0627\u0644\u0633\u062d\u0627\u0628", "Place Location": "Jeddah, MK", "Share Type": "Story Post"}, {"Date": "2021-07-19 20:40:12 UTC", "Place": "Jeddah", "Place Location": "\u062c\u062f\u0629, MK", "Share Type": "Story Post"}, {"Date": "2021-07-17 02:18:59 UTC", "Place": "Mecca", "Place Location": ", ", "Share Type": "Story Post"}, {"Date": "2021-07-17 01:28:21 UTC", "Place": "Mecca", "Place Location": ", ", "Share Type": "Story Post"}, {"Date": "2021-07-13 23:11:14 UTC", "Place": "Mecca", "Place Location": ", ", "Share Type": "Story Post"}, {"Date": "2021-07-08 20:47:00 UTC", "Place": "AB Protein", "Place Location": "\u0645\u0643\u0629, MK", "Share Type": "Story Post"}, {"Date": "2021-07-08 18:43:34 UTC", "Place": "\u0642\u0635\u0631 \u0627\u0644\u0636\u064a\u0627\u0641\u0629 Hospitality Palace", "Place Location": "\u0645\u0643\u0629, MK", "Share Type": "Story Post"}, {"Date": "2021-07-08 16:09:26 UTC", "Place": "Mecca", "Place Location": ", ", "Share Type": "Story Post"}, {"Date": "2021-07-07 19:42:12 UTC", "Place": "\u0645\u0631\u0643\u0632 \u0627\u0644\u0634\u0639\u0644\u0629 \u0627\u0644\u062a\u062c\u0627\u0631\u064a", "Place Location": "Jeddah, Makkah", "Share Type": "Story Post"}, {"Date": "2021-07-06 21:44:06 UTC", "Place": "Fitness Time Pro   \u0648\u0642\u062a \u0627\u0644\u0644\u064a\u0627\u0642\u0629", "Place Location": "Jeddah, Makkah", "Share Type": "Story Post"}, {"Date": "2021-07-05 17:07:41 UTC", "Place": "Jeddah", "Place Location": "\u062c\u062f\u0629, MK", "Share Type": "Story Post"}, {"Date": "2021-07-03 15:02:59 UTC", "Place": "AB Protein", "Place Location": "\u0645\u0643\u0629, MK", "Share Type": "Story Post"}, {"Date": "2021-07-03 13:26:31 UTC", "Place": "Mecca", "Place Location": ", ", "Share Type": "Story Post"}, {"Date": "2021-07-02 17:26:39 UTC", "Place": "Jeddah", "Place Location": "\u062c\u062f\u0629, MK", "Share Type": "Story Post"}, {"Date": "2021-06-30 00:17:19 UTC", "Place": "Mecca", "Place Location": ", ", "Share Type": "Story Post"}, {"Date": "2021-06-30 00:10:48 UTC", "Place": "Mecca", "Place Location": ", ", "Share Type": "Story Post"}, {"Date": "2021-06-29 20:17:09 UTC", "Place": "Mecca", "Place Location": ", ", "Share Type": "Story Post"}, {"Date": "2021-06-29 16:36:55 UTC", "Place": "Mecca", "Place Location": ", ", "Share Type": "Story Post"}, {"Date": "2021-06-29 14:18:29 UTC", "Place": "Mecca", "Place Location": ", ", "Share Type": "Story Post"}, {"Date": "2021-06-28 20:53:17 UTC", "Place": "Mecca", "Place Location": ", ", "Share Type": "Story Post"}, {"Date": "2021-06-28 11:05:59 UTC", "Place": "\u062d\u062f\u064a\u0642\u0629 \u0645\u062e\u0637\u0637 \u0627\u0644\u062d\u0645\u0631\u0627", "Place Location": "\u0645\u0643\u0629, MK", "Share Type": "Story Post"}, {"Date": "2021-06-27 20:39:31 UTC", "Place": "Mecca", "Place Location": ", ", "Share Type": "Story Post"}, {"Date": "2021-06-26 13:54:11 UTC", "Place": "Mecca", "Place Location": ", ", "Share Type": "Story Post"}, {"Date": "2021-06-25 17:38:55 UTC", "Place": "Jeddah", "Place Location": "\u062c\u062f\u0629, MK", "Share Type": "Story Post"}, {"Date": "2021-06-25 13:27:31 UTC", "Place": "Mecca", "Place Location": ", ", "Share Type": "Story Post"}, {"Date": "2021-06-25 12:47:02 UTC", "Place": "Costa Coffee", "Place Location": "Mecca, Makkah", "Share Type": "Story Post"}, {"Date": "2021-06-25 12:36:46 UTC", "Place": "Costa Coffee", "Place Location": "Mecca, Makkah", "Share Type": "Story Post"}, {"Date": "2021-06-25 12:29:13 UTC", "Place": "\u0643\u0648\u0633\u062a\u0627 \u0643\u0648\u0641\u064a   Costa Coffee", "Place Location": "Mecca, Makkah", "Share Type": "Story Post"}, {"Date": "2021-06-25 12:06:54 UTC", "Place": "Mecca", "Place Location": ", ", "Share Type": "Story Post"}, {"Date": "2021-06-25 11:59:03 UTC", "Place": "Makkah Al Mukarramah Library", "Place Location": "Mecca, MK", "Share Type": "Story Post"}, {"Date": "2021-06-24 11:05:03 UTC", "Place": "Jeddah", "Place Location": "\u062c\u062f\u0629, MK", "Share Type": "Story Post"}, {"Date": "2021-06-24 10:50:30 UTC", "Place": "Al Rajhi Bank", "Place Location": "Jeddah, Makkah", "Share Type": "Story Post"}, {"Date": "2021-06-23 21:53:54 UTC", "Place": "Jeddah", "Place Location": "\u062c\u062f\u0629, MK", "Share Type": "Story Post"}, {"Date": "2021-06-23 09:02:57 UTC", "Place": "Jeddah", "Place Location": "\u062c\u062f\u0629, MK", "Share Type": "Story Post"}, {"Date": "2021-06-23 08:54:51 UTC", "Place": "Jeddah \u0130nternational Turkish School", "Place Location": "Jeddah, MK", "Share Type": "Story Post"}, {"Date": "2021-06-22 15:53:16 UTC", "Place": "\u0645\u0633\u062a\u0634\u0641\u0649 \u0634\u0631\u0642 \u062c\u062f\u0629 \u0627\u0644\u0639\u0627\u0645", "Place Location": "Jeddah, \u0645\u0646\u0637\u0642\u0629 \u0645\u0643\u0629", "Share Type": "Story Post"}, {"Date": "2021-06-21 13:14:35 UTC", "Place": "\u0639\u0635\u064a\u0631 \u0642\u0635\u0628 \u0627\u0644\u0639\u0645\u062f\u0647", "Place Location": "Jeddah, Makkah", "Share Type": "Story Post"}, {"Date": "2021-06-20 08:47:02 UTC", "Place": "\u0645\u0633\u062a\u0634\u0641\u0649 \u0634\u0631\u0642 \u062c\u062f\u0629 \u0627\u0644\u0639\u0627\u0645", "Place Location": "Jeddah, \u0645\u0646\u0637\u0642\u0629 \u0645\u0643\u0629", "Share Type": "Snap Send"}, {"Date": "2021-06-19 21:46:54 UTC", "Place": "My Coffee \u0642\u0647\u0648\u062a\u064a", "Place Location": "Jeddah, MK", "Share Type": "Story Post"}, {"Date": "2021-06-17 22:02:56 UTC", "Place": "Jeddah", "Place Location": "\u062c\u062f\u0629, MK", "Share Type": "Story Post"}, {"Date": "2021-06-16 20:48:25 UTC", "Place": "Jeddah", "Place Location": "\u062c\u062f\u0629, MK", "Share Type": "Story Post"}, {"Date": "2021-06-15 20:57:41 UTC", "Place": "Fitness Time Pro   \u0648\u0642\u062a \u0627\u0644\u0644\u064a\u0627\u0642\u0629", "Place Location": "Jeddah, Makkah", "Share Type": "Story Post"}, {"Date": "2021-06-15 15:35:37 UTC", "Place": "Fitness Time Pro   \u0648\u0642\u062a \u0627\u0644\u0644\u064a\u0627\u0642\u0629", "Place Location": "Jeddah, Makkah", "Share Type": "Story Post"}, {"Date": "2021-06-14 07:46:46 UTC", "Place": "TROPFEST Arabia Film Making Workshop - Jeddah", "Place Location": "Jeddah, Makkah", "Share Type": "Story Post"}, {"Date": "2021-06-14 06:44:41 UTC", "Place": "Jeddah", "Place Location": "\u062c\u062f\u0629, MK", "Share Type": "Story Post"}, {"Date": "2021-06-11 21:35:51 UTC", "Place": "Juice World - Al Naseem", "Place Location": "Jeddah, MK", "Share Type": "Story Post"}, {"Date": "2021-06-11 18:59:11 UTC", "Place": "Mecca", "Place Location": ", ", "Share Type": "Story Post"}, {"Date": "2021-06-11 17:49:12 UTC", "Place": "Al Cheraia", "Place Location": "\u0645\u0643\u0629, MK", "Share Type": "Story Post"}, {"Date": "2021-06-11 17:46:06 UTC", "Place": "Mahbas Aljin   \u0645\u062d\u0628\u0633 \u0627\u0644\u062c\u0646", "Place Location": "Mecca, MK", "Share Type": "Story Post"}, {"Date": "2021-06-11 17:38:26 UTC", "Place": "Jabal Omar Marriott Hotel, Makkah", "Place Location": "Mecca, Makkah Province", "Share Type": "Story Post"}, {"Date": "2021-06-09 14:44:20 UTC", "Place": "Zad Mart", "Place Location": "Jeddah, Makkah", "Share Type": "Story Post"}, {"Date": "2021-06-07 20:13:19 UTC", "Place": "Jeddah", "Place Location": "\u062c\u062f\u0629, MK", "Share Type": "Story Post"}, {"Date": "2021-06-06 00:16:25 UTC", "Place": "\u062a\u0642\u0627\u0637\u0639 \u0634\u0627\u0631\u0639 \u0627\u0644\u0627\u0631\u0628\u0639\u064a\u0646 \u0648\u0634\u0627\u0631\u0639 \u0627\u0644\u0623\u0645\u064a\u0631 \u0645\u062d\u0645\u062f \u0628\u0646 \u0639\u0628\u062f\u0627\u0644\u0639\u0632\u064a\u0632", "Place Location": "Jeddah, MK", "Share Type": "Story Post"}, {"Date": "2021-06-05 22:57:45 UTC", "Place": "Saptco bus station, ALI (pbuh) Gate", "Place Location": "Mecca, MK", "Share Type": "Story Post"}, {"Date": "2021-06-05 22:49:59 UTC", "Place": "\u0631\u0643\u0646 \u0627\u0644\u0639\u0645\u0644\u064a\u0627\u062a \u060c \u0642\u0633\u0645 \u0627\u0644\u0634\u0624\u0648\u0646 \u0627\u0644\u0625\u062f\u0627\u0631\u064a\u0629 (\u0627\u0644\u0623\u0645\u0646 \u0627\u0644\u0639\u0627\u0645)", "Place Location": "\u0645\u0643\u0629, MK", "Share Type": "Story Post"}, {"Date": "2021-06-05 22:26:04 UTC", "Place": "Mecca", "Place Location": ", ", "Share Type": "Story Post"}, {"Date": "2021-05-30 20:08:37 UTC", "Place": "Fitness Time Pro   \u0648\u0642\u062a \u0627\u0644\u0644\u064a\u0627\u0642\u0629", "Place Location": "Jeddah, Makkah", "Share Type": "Story Post"}, {"Date": "2021-05-30 12:46:48 UTC", "Place": "Makka", "Place Location": ", ", "Share Type": "Story Post"}, {"Date": "2021-05-28 19:18:15 UTC", "Place": "Jeddah", "Place Location": "\u062c\u062f\u0629, MK", "Share Type": "Story Post"}, {"Date": "2021-05-28 16:41:41 UTC", "Place": "Mecca", "Place Location": ", ", "Share Type": "Story Post"}, {"Date": "2021-05-27 21:51:38 UTC", "Place": "Jeddah", "Place Location": "\u062c\u062f\u0629, MK", "Share Type": "Story Post"}, {"Date": "2021-05-27 07:57:55 UTC", "Place": "\u0633\u0648\u0642 \u0634\u0627\u0631\u0639 \u0645\u0646\u0635\u0648\u0631", "Place Location": "Mecca, MK", "Share Type": "Story Post"}, {"Date": "2021-05-26 20:30:17 UTC", "Place": "My Coffee \u0642\u0647\u0648\u062a\u064a", "Place Location": "Jeddah, MK", "Share Type": "Story Post"}, {"Date": "2021-05-26 18:24:22 UTC", "Place": "Fitness Time Pro   \u0648\u0642\u062a \u0627\u0644\u0644\u064a\u0627\u0642\u0629", "Place Location": "Jeddah, Makkah", "Share Type": "Story Post"}, {"Date": "2021-05-26 10:14:01 UTC", "Place": "Jeddah", "Place Location": "\u062c\u062f\u0629, MK", "Share Type": "Story Post"}, {"Date": "2021-05-25 17:54:48 UTC", "Place": "Al Lith", "Place Location": "Al L\u012bth, MK", "Share Type": "Story Post"}, {"Date": "2021-05-23 23:05:14 UTC", "Place": "Mecca", "Place Location": ", ", "Share Type": "Story Post"}, {"Date": "2021-05-21 14:43:43 UTC", "Place": "Mecca", "Place Location": ", ", "Share Type": "Story Post"}, {"Date": "2021-05-21 08:26:48 UTC", "Place": "Saptco bus station, ALI (pbuh) Gate", "Place Location": "Mecca, MK", "Share Type": "Story Post"}, {"Date": "2021-05-19 05:40:06 UTC", "Place": "OYO 335 Manazil Al Ain Grand Hotel", "Place Location": "Mecca, Makkah Province", "Share Type": "Story Post"}, {"Date": "2021-05-19 05:38:19 UTC", "Place": "Saptco bus station, ALI (pbuh) Gate", "Place Location": "Mecca, MK", "Share Type": "Story Post"}, {"Date": "2021-05-19 05:37:08 UTC", "Place": "Al Safa Royal Palace", "Place Location": "Mecca, Makkah", "Share Type": "Story Post"}, {"Date": "2021-05-18 14:08:26 UTC", "Place": "\u0623\u0628\u0631\u0627\u062c \u0647\u0627\u064a\u0628\u0631\u0645\u0627\u0631\u0643\u062a", "Place Location": "\u0645\u0643\u0629, MK", "Share Type": "Story Post"}, {"Date": "2021-05-18 03:19:55 UTC", "Place": "Mecca", "Place Location": ", ", "Share Type": "Story Post"}, {"Date": "2021-05-17 15:41:00 UTC", "Place": "\u0645\u0637\u0639\u0645 \u0627\u0644\u0646\u0647\u0631 \u0627\u0644\u0634\u0631\u0642\u064a", "Place Location": "\u0645\u0643\u0629, MK", "Share Type": "Story Post"}, {"Date": "2021-05-17 12:36:39 UTC", "Place": "Saptco bus station, ALI (pbuh) Gate", "Place Location": "Mecca, MK", "Share Type": "Story Post"}, {"Date": "2021-05-16 21:38:03 UTC", "Place": "Mecca", "Place Location": ", ", "Share Type": "Story Post"}, {"Date": "2021-05-16 20:03:56 UTC", "Place": "Mecca", "Place Location": ", ", "Share Type": "Story Post"}, {"Date": "2021-05-15 23:07:06 UTC", "Place": "Mecca", "Place Location": ", ", "Share Type": "Story Post"}, {"Date": "2021-05-12 21:25:34 UTC", "Place": "Azizia Police Station", "Place Location": "\u0645\u0643\u0629, MK", "Share Type": "Story Post"}, {"Date": "2021-05-12 19:38:40 UTC", "Place": "Makka", "Place Location": ", ", "Share Type": "Story Post"}, {"Date": "2021-02-22 17:33:59 UTC", "Place": "Mecca", "Place Location": ", ", "Share Type": "Story Post"}, {"Date": "2021-02-22 16:21:03 UTC", "Place": "Mecca", "Place Location": ", ", "Share Type": "Story Post"}, {"Date": "2021-02-22 15:01:40 UTC", "Place": "Mecca", "Place Location": ", ", "Share Type": "Story Post"}, {"Date": "2021-02-22 05:46:14 UTC", "Place": "\u0645\u0648\u0627\u0642\u0641 \u0627\u0644\u0634\u0631\u0627\u064a\u0639 Alsharaye Parking", "Place Location": "\u0645\u0643\u0629, MK", "Share Type": "Story Post"}, {"Date": "2021-02-21 18:39:51 UTC", "Place": "Mecca", "Place Location": ", ", "Share Type": "Snap Send"}, {"Date": "2021-02-18 18:36:22 UTC", "Place": "Jeddah", "Place Location": "\u062c\u062f\u0629, MK", "Share Type": "Story Post"}, {"Date": "2021-02-18 18:30:55 UTC", "Place": "Jeddah", "Place Location": "\u062c\u062f\u0629, MK", "Share Type": "Story Post"}, {"Date": "2021-02-18 18:08:28 UTC", "Place": "Jeddah", "Place Location": "\u062c\u062f\u0629, MK", "Share Type": "Story Post"}, {"Date": "2021-02-17 20:31:45 UTC", "Place": "Mecca", "Place Location": ", ", "Share Type": "Story Post"}, {"Date": "2021-02-16 15:18:45 UTC", "Place": "Mecca", "Place Location": ", ", "Share Type": "Story Post"}, {"Date": "2021-02-16 05:28:44 UTC", "Place": "Mecca", "Place Location": ", ", "Share Type": "Story Post"}, {"Date": "2021-02-15 16:08:10 UTC", "Place": "Mecca", "Place Location": ", ", "Share Type": "Story Post"}, {"Date": "2021-02-14 12:44:15 UTC", "Place": "Mecca", "Place Location": ", ", "Share Type": "Story Post"}, {"Date": "2021-02-14 12:35:24 UTC", "Place": "Mecca", "Place Location": ", ", "Share Type": "Story Post"}, {"Date": "2021-02-14 02:27:51 UTC", "Place": "Mecca", "Place Location": ", ", "Share Type": "Story Post"}, {"Date": "2021-02-14 01:10:43 UTC", "Place": "Bahrat al Qadimah", "Place Location": "Bahrat al Qadimah, MK", "Share Type": "Story Post"}, {"Date": "2021-02-12 17:27:29 UTC", "Place": "Jeddah \u0130nternational Turkish School", "Place Location": "Jeddah, MK", "Share Type": "Story Post"}, {"Date": "2021-02-12 17:20:38 UTC", "Place": "AlRehab Dist. 3 (\u062d\u064a \u0627\u0644\u0631\u062d\u0627\u0628 \u0663)", "Place Location": "Jeddah, MK", "Share Type": "Story Post"}, {"Date": "2021-02-11 22:42:38 UTC", "Place": "Jeddah", "Place Location": "\u062c\u062f\u0629, MK", "Share Type": "Story Post"}, {"Date": "2021-02-11 03:19:04 UTC", "Place": "Mecca", "Place Location": ", ", "Share Type": "Story Post"}, {"Date": "2021-02-11 00:06:10 UTC", "Place": "Al Firqah", "Place Location": ", ", "Share Type": "Story Post"}, {"Date": "2021-02-10 22:12:51 UTC", "Place": "Fitness Time Pro   \u0648\u0642\u062a \u0627\u0644\u0644\u064a\u0627\u0642\u0629", "Place Location": "Jeddah, Makkah", "Share Type": "Story Post"}, {"Date": "2021-02-10 21:48:17 UTC", "Place": "\u0634\u0627\u0637\u0631   Shater", "Place Location": "Jeddah, Makkah", "Share Type": "Story Post"}, {"Date": "2021-02-10 10:02:52 UTC", "Place": "Fitness Time Pro   \u0648\u0642\u062a \u0627\u0644\u0644\u064a\u0627\u0642\u0629", "Place Location": "Jeddah, Makkah", "Share Type": "Story Post"}, {"Date": "2021-02-10 09:25:40 UTC", "Place": "Al Rajhi Bank", "Place Location": "Jeddah, Makkah", "Share Type": "Story Post"}, {"Date": "2021-02-10 04:46:50 UTC", "Place": "U-Turn \u0635\u0627\u0631\u064aX\u0637\u0631\u064a\u0642 \u0627\u0644\u0645\u0644\u0643", "Place Location": "Jeddah, MK", "Share Type": "Story Post"}, {"Date": "2021-02-09 08:37:00 UTC", "Place": "Fitness Time Pro   \u0648\u0642\u062a \u0627\u0644\u0644\u064a\u0627\u0642\u0629", "Place Location": "Jeddah, Makkah", "Share Type": "Story Post"}, {"Date": "2021-02-09 07:12:31 UTC", "Place": "Makka", "Place Location": ", ", "Share Type": "Story Post"}, {"Date": "2021-02-08 20:41:59 UTC", "Place": "Mecca", "Place Location": ", ", "Share Type": "Story Post"}, {"Date": "2021-02-05 22:25:35 UTC", "Place": "Mecca", "Place Location": ", ", "Share Type": "Story Post"}, {"Date": "2021-02-05 09:34:52 UTC", "Place": "Mecca", "Place Location": ", ", "Share Type": "Story Post"}, {"Date": "2021-02-04 20:47:35 UTC", "Place": "Flamingo Cafe", "Place Location": "\u062c\u062f\u0629, MK", "Share Type": "Story Post"}, {"Date": "2021-02-04 19:39:04 UTC", "Place": "Sultan Burger   \u0633\u0644\u0637\u0627\u0646 \u0627\u0644\u0628\u0631\u062c\u0631", "Place Location": "Jeddah, MK", "Share Type": "Story Post"}, {"Date": "2021-02-04 14:34:27 UTC", "Place": "Fitness Time Pro   \u0648\u0642\u062a \u0627\u0644\u0644\u064a\u0627\u0642\u0629", "Place Location": "Jeddah, Makkah", "Share Type": "Story Post"}, {"Date": "2021-02-03 21:00:38 UTC", "Place": "\u0627\u0644\u0631\u064a\u0641 \u0627\u0644\u0627\u0631\u062f\u0646\u064a", "Place Location": "Jeddah, MK", "Share Type": "Story Post"}, {"Date": "2021-02-03 07:02:52 UTC", "Place": "Fitness Time Pro   \u0648\u0642\u062a \u0627\u0644\u0644\u064a\u0627\u0642\u0629", "Place Location": "Jeddah, Makkah", "Share Type": "Story Post"}, {"Date": "2021-02-01 22:31:34 UTC", "Place": "Fitness Time Pro   \u0648\u0642\u062a \u0627\u0644\u0644\u064a\u0627\u0642\u0629", "Place Location": "Jeddah, Makkah", "Share Type": "Story Post"}, {"Date": "2021-02-01 20:03:58 UTC", "Place": "Jeddah", "Place Location": "\u062c\u062f\u0629, MK", "Share Type": "Story Post"}, {"Date": "2021-02-01 17:50:26 UTC", "Place": "Olas Medical Center \u0645\u062c\u0645\u0639 \u0623\u0648\u0644\u0627\u0633 \u0627\u0644\u0637\u0628\u064a", "Place Location": "Jeddah, Makkah", "Share Type": "Story Post"}, {"Date": "2021-01-30 15:21:33 UTC", "Place": "\u0645\u0631\u0643\u0632 \u0634\u0631\u0637\u0629 \u0627\u0644\u0633\u0644\u0627\u0645\u0629", "Place Location": "\u062c\u062f\u0629, MK", "Share Type": "Story Post"}, {"Date": "2021-01-30 06:02:57 UTC", "Place": "\u0645\u0631\u0643\u0632 \u0634\u0631\u0637\u0629 \u0627\u0644\u0633\u0644\u0627\u0645\u0629", "Place Location": "\u062c\u062f\u0629, MK", "Share Type": "Story Post"}, {"Date": "2021-01-29 19:04:47 UTC", "Place": "Makka", "Place Location": ", ", "Share Type": "Story Post"}, {"Date": "2021-01-29 18:56:33 UTC", "Place": "\u0645\u0648\u0627\u0642\u0641 \u0627\u0644\u0644\u064a\u062b  Allieth Parking", "Place Location": "\u0645\u0643\u0629 \u0627\u0644\u0645\u0643\u0631\u0645\u0629 \u0645\u062d\u0627\u0641\u0638\u0627\u062a\u200e, MK", "Share Type": "Story Post"}, {"Date": "2021-01-29 18:34:06 UTC", "Place": "\u0645\u0648\u0627\u0642\u0641 \u0627\u0644\u0644\u064a\u062b  Allieth Parking", "Place Location": "\u0645\u0643\u0629 \u0627\u0644\u0645\u0643\u0631\u0645\u0629 \u0645\u062d\u0627\u0641\u0638\u0627\u062a\u200e, MK", "Share Type": "Story Post"}, {"Date": "2021-01-29 12:08:02 UTC", "Place": "Jeddah", "Place Location": "\u062c\u062f\u0629, MK", "Share Type": "Story Post"}, {"Date": "2021-01-28 22:23:16 UTC", "Place": "Sultan Burger   \u0633\u0644\u0637\u0627\u0646 \u0627\u0644\u0628\u0631\u062c\u0631", "Place Location": "Jeddah, MK", "Share Type": "Story Post"}, {"Date": "2021-01-28 20:53:07 UTC", "Place": "Al Arab Hall", "Place Location": "Jeddah, Makkah", "Share Type": "Story Post"}, {"Date": "2021-01-28 18:47:39 UTC", "Place": "Al Arab Hall", "Place Location": "Jeddah, Makkah", "Share Type": "Story Post"}, {"Date": "2021-01-28 18:35:11 UTC", "Place": "Al Arab Hall", "Place Location": "Jeddah, Makkah", "Share Type": "Story Post"}, {"Date": "2021-01-28 06:04:40 UTC", "Place": "Mecca", "Place Location": ", ", "Share Type": "Story Post"}, {"Date": "2021-01-28 03:52:10 UTC", "Place": "Mecca", "Place Location": ", ", "Share Type": "Story Post"}, {"Date": "2021-01-28 03:51:31 UTC", "Place": "Mecca", "Place Location": ", ", "Share Type": "Story Post"}, {"Date": "2021-01-27 16:37:58 UTC", "Place": "\u0643\u0627\u0641\u064a\u0647 \u0627\u0644\u0631\u0648\u0627\u0642 \u0627\u0644\u0645\u063a\u0631\u0628\u064a", "Place Location": "Mecca, Makkah", "Share Type": "Story Post"}, {"Date": "2021-01-27 02:54:20 UTC", "Place": "Mecca", "Place Location": ", ", "Share Type": "Story Post"}, {"Date": "2021-01-27 02:52:55 UTC", "Place": "Mecca", "Place Location": ", ", "Share Type": "Story Post"}, {"Date": "2021-01-26 06:23:47 UTC", "Place": "Mecca", "Place Location": ", ", "Share Type": "Story Post"}, {"Date": "2021-01-26 06:14:05 UTC", "Place": "\u0646\u0627\u062f\u064a \u0636\u0628\u0627\u0637 \u0642\u0648\u0649 \u0627\u0644\u0623\u0645\u0646", "Place Location": "\u0645\u0643\u0629, MK", "Share Type": "Story Post"}, {"Date": "2021-01-25 20:13:29 UTC", "Place": "Mecca", "Place Location": ", ", "Share Type": "Story Post"}, {"Date": "2021-01-25 19:50:05 UTC", "Place": "Mecca", "Place Location": ", ", "Share Type": "Story Post"}, {"Date": "2021-01-25 04:55:45 UTC", "Place": "Mecca", "Place Location": ", ", "Share Type": "Story Post"}, {"Date": "2021-01-25 04:53:23 UTC", "Place": "Mecca", "Place Location": ", ", "Share Type": "Story Post"}, {"Date": "2021-01-23 07:00:39 UTC", "Place": "Jeddah", "Place Location": "\u062c\u062f\u0629, MK", "Share Type": "Story Post"}, {"Date": "2021-01-21 15:06:39 UTC", "Place": "Jeddah", "Place Location": "\u062c\u062f\u0629, MK", "Share Type": "Story Post"}, {"Date": "2021-01-21 14:54:43 UTC", "Place": "Jeddah", "Place Location": "\u062c\u062f\u0629, MK", "Share Type": "Story Post"}, {"Date": "2021-01-21 08:42:33 UTC", "Place": "Jeddah", "Place Location": "\u062c\u062f\u0629, MK", "Share Type": "Story Post"}, {"Date": "2021-01-20 03:43:27 UTC", "Place": "Mecca", "Place Location": ", ", "Share Type": "Story Post"}, {"Date": "2021-01-19 21:11:04 UTC", "Place": "Mecca", "Place Location": ", ", "Share Type": "Story Post"}, {"Date": "2021-01-19 04:29:54 UTC", "Place": "Mecca", "Place Location": ", ", "Share Type": "Story Post"}, {"Date": "2021-01-18 05:03:38 UTC", "Place": "Mecca", "Place Location": ", ", "Share Type": "Story Post"}, {"Date": "2021-01-18 04:54:29 UTC", "Place": "Mecca", "Place Location": ", ", "Share Type": "Story Post"}, {"Date": "2021-01-18 04:49:22 UTC", "Place": "Mecca", "Place Location": ", ", "Share Type": "Story Post"}, {"Date": "2021-01-17 09:22:20 UTC", "Place": "Mecca", "Place Location": ", ", "Share Type": "Story Post"}, {"Date": "2021-01-15 06:09:12 UTC", "Place": "Fitness Time Pro   \u0648\u0642\u062a \u0627\u0644\u0644\u064a\u0627\u0642\u0629", "Place Location": "Jeddah, Makkah", "Share Type": "Snap Send"}, {"Date": "2021-01-13 21:41:37 UTC", "Place": "Jeddah", "Place Location": "\u062c\u062f\u0629, MK", "Share Type": "Story Post"}, {"Date": "2021-01-13 19:43:45 UTC", "Place": "Mecca", "Place Location": ", ", "Share Type": "Story Post"}, {"Date": "2021-01-12 17:53:04 UTC", "Place": "Mecca", "Place Location": ", ", "Share Type": "Story Post"}, {"Date": "2021-01-09 19:40:39 UTC", "Place": "Mecca", "Place Location": ", ", "Share Type": "Story Post"}, {"Date": "2021-01-09 19:35:39 UTC", "Place": "Mecca", "Place Location": ", ", "Share Type": "Story Post"}, {"Date": "2021-01-09 19:33:48 UTC", "Place": "Mecca", "Place Location": ", ", "Share Type": "Story Post"}, {"Date": "2021-01-08 14:32:40 UTC", "Place": "Bahrat al Qadimah", "Place Location": "Bahrat al Qadimah, MK", "Share Type": "Story Post"}, {"Date": "2021-01-05 10:44:15 UTC", "Place": "Mecca", "Place Location": ", ", "Share Type": "Story Post"}, {"Date": "2021-01-05 03:43:48 UTC", "Place": "Mecca", "Place Location": ", ", "Share Type": "Story Post"}, {"Date": "2021-01-04 03:50:50 UTC", "Place": "Mecca", "Place Location": ", ", "Share Type": "Story Post"}, {"Date": "2021-01-04 03:24:43 UTC", "Place": "Mecca", "Place Location": ", ", "Share Type": "Story Post"}, {"Date": "2021-01-02 18:00:09 UTC", "Place": "Mecca", "Place Location": ", ", "Share Type": "Story Post"}, {"Date": "2021-01-02 10:51:07 UTC", "Place": "Saudi German Hospital", "Place Location": "Jeddah, Makkah", "Share Type": "Story Post"}, {"Date": "2021-01-01 19:39:45 UTC", "Place": "Mecca", "Place Location": ", ", "Share Type": "Story Post"}, {"Date": "2021-01-01 19:16:34 UTC", "Place": "Mecca", "Place Location": ", ", "Share Type": "Story Post"}, {"Date": "2021-01-01 10:25:56 UTC", "Place": "\u0627\u0644\u0647\u0646\u062f\u0627\u0648\u064a\u0629", "Place Location": "Mecca, Makkah", "Share Type": "Story Post"}, {"Date": "2021-01-01 09:04:38 UTC", "Place": "Kaaba", "Place Location": "Mecca, Makkah Province", "Share Type": "Story Post"}, {"Date": "2021-01-01 08:56:58 UTC", "Place": "Kaaba", "Place Location": "Mecca, Makkah Province", "Share Type": "Story Post"}, {"Date": "2021-01-01 04:18:04 UTC", "Place": "\u0627\u0644\u0647\u0646\u062f\u0627\u0648\u064a\u0629", "Place Location": "Mecca, Makkah", "Share Type": "Story Post"}, {"Date": "2021-01-01 04:10:53 UTC", "Place": "\u0627\u0644\u0647\u0646\u062f\u0627\u0648\u064a\u0629", "Place Location": "Mecca, Makkah", "Share Type": "Story Post"}, {"Date": "2021-01-01 03:09:08 UTC", "Place": "Mecca", "Place Location": ", ", "Share Type": "Story Post"}, {"Date": "2020-12-31 23:00:31 UTC", "Place": "Jeddah", "Place Location": "\u062c\u062f\u0629, MK", "Share Type": "Story Post"}, {"Date": "2020-12-31 22:33:50 UTC", "Place": "Flamingo Cafe", "Place Location": "\u062c\u062f\u0629, MK", "Share Type": "Story Post"}, {"Date": "2020-12-30 15:41:17 UTC", "Place": "Jeddah \u0130nternational Turkish School", "Place Location": "Jeddah, MK", "Share Type": "Snap Send"}, {"Date": "2020-12-27 20:45:51 UTC", "Place": "Mecca", "Place Location": ", ", "Share Type": "Story Post"}, {"Date": "2020-12-27 19:41:43 UTC", "Place": "Mecca", "Place Location": ", ", "Share Type": "Story Post"}, {"Date": "2020-12-27 18:33:54 UTC", "Place": "Mecca", "Place Location": ", ", "Share Type": "Story Post"}, {"Date": "2020-12-27 16:07:56 UTC", "Place": "Mecca", "Place Location": ", ", "Share Type": "Story Post"}, {"Date": "2020-12-27 02:21:28 UTC", "Place": "king Abdulaziz Stadium", "Place Location": "Mecca, Makkah", "Share Type": "Story Post"}, {"Date": "2020-12-26 06:58:32 UTC", "Place": "Mecca", "Place Location": ", ", "Share Type": "Story Post"}, {"Date": "2020-12-26 05:40:34 UTC", "Place": "Makka", "Place Location": ", ", "Share Type": "Story Post"}, {"Date": "2020-12-24 03:39:15 UTC", "Place": "Mecca", "Place Location": ", ", "Share Type": "Story Post"}, {"Date": "2020-12-23 09:55:10 UTC", "Place": "\u0625\u062f\u0627\u0631\u0629 \u0645\u0631\u0648\u0631 \u0627\u0644\u0639\u0627\u0635\u0645\u0629 \u0627\u0644\u0645\u0642\u062f\u0633\u0629", "Place Location": "\u0645\u0643\u0629, MK", "Share Type": "Snap Send"}, {"Date": "2020-12-23 09:54:40 UTC", "Place": "\u0625\u062f\u0627\u0631\u0629 \u0645\u0631\u0648\u0631 \u0627\u0644\u0639\u0627\u0635\u0645\u0629 \u0627\u0644\u0645\u0642\u062f\u0633\u0629", "Place Location": "\u0645\u0643\u0629, MK", "Share Type": "Snap Send"}, {"Date": "2020-12-23 03:20:35 UTC", "Place": "\u0646\u0627\u062f\u064a \u0636\u0628\u0627\u0637 \u0642\u0648\u0649 \u0627\u0644\u0623\u0645\u0646", "Place Location": "\u0645\u0643\u0629, MK", "Share Type": "Story Post"}, {"Date": "2020-12-21 17:09:51 UTC", "Place": "Mecca", "Place Location": ", ", "Share Type": "Story Post"}, {"Date": "2020-12-21 01:40:47 UTC", "Place": "Mecca", "Place Location": ", ", "Share Type": "Story Post"}, {"Date": "2020-12-21 01:23:29 UTC", "Place": "Muzdalifah", "Place Location": ", ", "Share Type": "Story Post"}, {"Date": "2020-12-20 07:12:21 UTC", "Place": "Mecca", "Place Location": ", ", "Share Type": "Story Post"}, {"Date": "2020-12-19 19:46:26 UTC", "Place": "Mecca", "Place Location": ", ", "Share Type": "Story Post"}, {"Date": "2020-12-19 19:04:02 UTC", "Place": "Mecca", "Place Location": ", ", "Share Type": "Story Post"}, {"Date": "2020-12-19 17:51:33 UTC", "Place": "Mecca", "Place Location": ", ", "Share Type": "Story Post"}, {"Date": "2020-12-18 07:31:37 UTC", "Place": "Mecca", "Place Location": ", ", "Share Type": "Story Post"}, {"Date": "2020-12-17 20:01:34 UTC", "Place": "Jeddah", "Place Location": "\u062c\u062f\u0629, MK", "Share Type": "Story Post"}, {"Date": "2020-12-16 17:00:27 UTC", "Place": "Jeddah", "Place Location": "\u062c\u062f\u0629, MK", "Share Type": "Story Post"}, {"Date": "2020-12-16 03:43:14 UTC", "Place": "Mecca", "Place Location": ", ", "Share Type": "Story Post"}, {"Date": "2020-12-16 01:24:05 UTC", "Place": "Mecca", "Place Location": ", ", "Share Type": "Story Post"}, {"Date": "2020-12-15 10:24:05 UTC", "Place": "Mecca", "Place Location": ", ", "Share Type": "Story Post"}, {"Date": "2020-12-11 15:01:08 UTC", "Place": "Haram Boundary", "Place Location": "\u0645\u0643\u0629 \u0627\u0644\u0645\u0643\u0631\u0645\u0629 \u0645\u062d\u0627\u0641\u0638\u0627\u062a\u200e, MK", "Share Type": "Story Post"}, {"Date": "2020-12-06 15:28:58 UTC", "Place": "\u062c\u0632\u064a\u0631\u0629 \u0627\u0628\u062d\u0631", "Place Location": "\u062c\u062f\u0629, MK", "Share Type": "Story Post"}, {"Date": "2020-12-03 22:50:21 UTC", "Place": "Chef House", "Place Location": "Mecca, Makkah", "Share Type": "Story Post"}, {"Date": "2020-11-30 18:36:44 UTC", "Place": "Alyamama Shopping Center", "Place Location": "Jeddah, Makkah", "Share Type": "Story Post"}, {"Date": "2020-11-11 22:36:44 UTC", "Place": "Jeddah", "Place Location": "\u062c\u062f\u0629, MK", "Share Type": "Story Post"}, {"Date": "2020-11-05 03:31:09 UTC", "Place": "\u0644\u0648\u0627\u0621 \u0627\u0644\u0627\u0645\u0646 \u0627\u0644\u062e\u0627\u0635(command of the special brigade", "Place Location": "Jeddah, Makkah", "Share Type": "Story Post"}, {"Date": "2020-11-04 00:28:25 UTC", "Place": "\u0644\u0648\u0627\u0621 \u0627\u0644\u0627\u0645\u0646 \u0627\u0644\u062e\u0627\u0635(command of the special brigade", "Place Location": "Jeddah, Makkah", "Share Type": "Story Post"}, {"Date": "2020-11-03 04:57:28 UTC", "Place": "\u0644\u0648\u0627\u0621 \u0627\u0644\u0627\u0645\u0646 \u0627\u0644\u062e\u0627\u0635(command of the special brigade", "Place Location": "Jeddah, Makkah", "Share Type": "Story Post"}, {"Date": "2020-10-28 01:17:15 UTC", "Place": "\u0644\u0648\u0627\u0621 \u0627\u0644\u0627\u0645\u0646 \u0627\u0644\u062e\u0627\u0635(command of the special brigade", "Place Location": "Jeddah, Makkah", "Share Type": "Story Post"}, {"Date": "2020-10-27 01:55:02 UTC", "Place": "\u0644\u0648\u0627\u0621 \u0627\u0644\u0627\u0645\u0646 \u0627\u0644\u062e\u0627\u0635(command of the special brigade", "Place Location": "Jeddah, Makkah", "Share Type": "Story Post"}, {"Date": "2020-10-21 18:35:35 UTC", "Place": "Mecca", "Place Location": ", ", "Share Type": "Story Post"}, {"Date": "2020-10-19 03:25:36 UTC", "Place": "Fitness Time Pro   \u0648\u0642\u062a \u0627\u0644\u0644\u064a\u0627\u0642\u0629", "Place Location": "Jeddah, Makkah", "Share Type": "Story Post"}, {"Date": "2020-10-18 23:40:31 UTC", "Place": "Al Itqan Apart-hotel", "Place Location": "Jeddah, Makkah Province", "Share Type": "Story Post"}, {"Date": "2020-10-16 17:03:44 UTC", "Place": "\u062c\u0627\u0645\u0639 \u0627\u0644\u0645\u064a\u0631\u0629   Al-Meera Mosque", "Place Location": "Jeddah, Makkah", "Share Type": "Story Post"}, {"Date": "2020-10-15 23:30:20 UTC", "Place": "Al Itqan Apart-hotel", "Place Location": "Jeddah, Makkah Province", "Share Type": "Story Post"}, {"Date": "2020-10-15 21:53:29 UTC", "Place": "Healthy Corner", "Place Location": "Jeddah, Makkah", "Share Type": "Story Post"}, {"Date": "2020-10-15 17:49:55 UTC", "Place": "IN10SO", "Place Location": "Jeddah, MK", "Share Type": "Story Post"}, {"Date": "2020-10-14 00:02:34 UTC", "Place": "Mecca", "Place Location": ", ", "Share Type": "Story Post"}, {"Date": "2020-10-13 23:49:22 UTC", "Place": "Mecca", "Place Location": ", ", "Share Type": "Story Post"}, {"Date": "2020-10-13 22:50:27 UTC", "Place": "Mecca", "Place Location": ", ", "Share Type": "Story Post"}, {"Date": "2020-10-08 18:13:51 UTC", "Place": "Jeddah", "Place Location": "\u062c\u062f\u0629, MK", "Share Type": "Story Post"}, {"Date": "2020-10-05 15:58:58 UTC", "Place": "Al Itqan Apart-hotel", "Place Location": "Jeddah, Makkah Province", "Share Type": "Story Post"}, {"Date": "2020-10-04 22:37:56 UTC", "Place": "Fitness Time Pro   \u0648\u0642\u062a \u0627\u0644\u0644\u064a\u0627\u0642\u0629", "Place Location": "Jeddah, Makkah", "Share Type": "Story Post"}, {"Date": "2020-10-04 21:27:05 UTC", "Place": "Jeddah \u0130nternational Turkish School", "Place Location": "Jeddah, MK", "Share Type": "Story Post"}, {"Date": "2020-10-04 21:22:38 UTC", "Place": "Al Itqan Apart-hotel", "Place Location": "Jeddah, Makkah Province", "Share Type": "Story Post"}, {"Date": "2020-10-04 13:41:40 UTC", "Place": "\u0643\u0627\u0641\u064a\u0647 \u0627\u0644\u0631\u0648\u0627\u0642 \u0627\u0644\u0645\u063a\u0631\u0628\u064a", "Place Location": "Mecca, Makkah", "Share Type": "Snap Send"}, {"Date": "2020-10-01 16:41:50 UTC", "Place": "Jeddah", "Place Location": "\u062c\u062f\u0629, MK", "Share Type": "Snap Send"}, {"Date": "2020-09-30 05:57:10 UTC", "Place": "\u0645\u0642\u0647\u0649 \u0643\u0627\u0646 \u0648\u0643\u0627\u0646 Was &amp; Was Caf\u00e8", "Place Location": "\u062c\u062f\u0629, MK", "Share Type": "Story Post"}, {"Date": "2020-09-30 02:30:10 UTC", "Place": "\u0645\u0645\u0634\u0649 \u0627\u0644\u0631\u062d\u0627\u0628   AlRehab walkway", "Place Location": "Jeddah, Makkah", "Share Type": "Story Post"}, {"Date": "2020-09-28 20:21:19 UTC", "Place": "AlRehab Dist. 3 (\u062d\u064a \u0627\u0644\u0631\u062d\u0627\u0628 \u0663)", "Place Location": "Jeddah, MK", "Share Type": "Story Post"}, {"Date": "2020-09-28 20:20:22 UTC", "Place": "AlRehab Dist. 3 (\u062d\u064a \u0627\u0644\u0631\u062d\u0627\u0628 \u0663)", "Place Location": "Jeddah, MK", "Share Type": "Story Post"}, {"Date": "2020-09-28 20:19:37 UTC", "Place": "AlRehab Dist. 3 (\u062d\u064a \u0627\u0644\u0631\u062d\u0627\u0628 \u0663)", "Place Location": "Jeddah, MK", "Share Type": "Story Post"}, {"Date": "2020-09-28 10:36:57 UTC", "Place": "Jeddah", "Place Location": "\u062c\u062f\u0629, MK", "Share Type": "Snap Send"}, {"Date": "2020-09-28 10:36:31 UTC", "Place": "Jeddah", "Place Location": "\u062c\u062f\u0629, MK", "Share Type": "Story Post"}, {"Date": "2020-09-27 17:03:13 UTC", "Place": "\u0627\u0633\u062a\u0631\u0627\u062d\u0629 \u0631\u0627\u0645\u0627", "Place Location": "Mecca, Makkah", "Share Type": "Story Post"}, {"Date": "2020-09-25 19:58:02 UTC", "Place": "Mecca", "Place Location": ", ", "Share Type": "Story Post"}, {"Date": "2020-09-24 18:10:07 UTC", "Place": "Al Itqan Apart-hotel", "Place Location": "Jeddah, Makkah Province", "Share Type": "Story Post"}, {"Date": "2020-09-22 15:21:31 UTC", "Place": "Al Itqan Apart-hotel", "Place Location": "Jeddah, Makkah Province", "Share Type": "Story Post"}, {"Date": "2020-09-19 18:09:12 UTC", "Place": "Fitness Time Pro   \u0648\u0642\u062a \u0627\u0644\u0644\u064a\u0627\u0642\u0629", "Place Location": "Jeddah, Makkah", "Share Type": "Story Post"}, {"Date": "2020-09-19 18:04:54 UTC", "Place": "Fitness Time Pro   \u0648\u0642\u062a \u0627\u0644\u0644\u064a\u0627\u0642\u0629", "Place Location": "Jeddah, Makkah", "Share Type": "Story Post"}, {"Date": "2020-09-18 21:42:49 UTC", "Place": "Al Itqan Apart-hotel", "Place Location": "Jeddah, Makkah Province", "Share Type": "Story Post"}, {"Date": "2020-09-18 21:18:52 UTC", "Place": "Al Itqan Apart-hotel", "Place Location": "Jeddah, Makkah Province", "Share Type": "Story Post"}, {"Date": "2020-09-17 21:33:54 UTC", "Place": "\u062f\u064a\u0648\u0627\u0646\u064a\u0629 \u0627\u0644\u0634\u064a\u0648\u062e \u0644\u0644\u0642\u0647\u0648\u0629 \u0627\u0644\u0639\u0631\u0628\u064a\u0629", "Place Location": "Mecca, Makkah", "Share Type": "Story Post"}, {"Date": "2020-09-17 17:42:13 UTC", "Place": "\u062f\u064a\u0648\u0627\u0646\u064a\u0629 \u0627\u0644\u0634\u064a\u0648\u062e \u0644\u0644\u0642\u0647\u0648\u0629 \u0627\u0644\u0639\u0631\u0628\u064a\u0629", "Place Location": "Mecca, Makkah", "Share Type": "Story Post"}, {"Date": "2020-09-17 17:14:03 UTC", "Place": "Mecca", "Place Location": ", ", "Share Type": "Story Post"}, {"Date": "2020-09-17 16:30:36 UTC", "Place": "Mecca", "Place Location": ", ", "Share Type": "Story Post"}, {"Date": "2020-09-17 14:42:05 UTC", "Place": "Mecca", "Place Location": ", ", "Share Type": "Story Post"}, {"Date": "2020-09-17 05:50:02 UTC", "Place": "Al Firqah", "Place Location": ", ", "Share Type": "Story Post"}, {"Date": "2020-09-15 14:45:50 UTC", "Place": "Mecca", "Place Location": ", ", "Share Type": "Story Post"}, {"Date": "2020-09-14 09:33:57 UTC", "Place": "\u0648\u0643\u0627\u0644\u0647 \u0627\u0644\u062d\u0631\u0633 \u0627\u0644\u0648\u0637\u0646\u064a \u0627\u0644\u0642\u0637\u0627\u0639 \u0627\u0644\u063a\u0631\u0628\u064a   National Guard western sector", "Place Location": "Jeddah, Makkah", "Share Type": "Story Post"}, {"Date": "2020-09-14 09:31:58 UTC", "Place": "\u0648\u0643\u0627\u0644\u0647 \u0627\u0644\u062d\u0631\u0633 \u0627\u0644\u0648\u0637\u0646\u064a \u0627\u0644\u0642\u0637\u0627\u0639 \u0627\u0644\u063a\u0631\u0628\u064a   National Guard western sector", "Place Location": "Jeddah, Makkah", "Share Type": "Snap Send"}, {"Date": "2020-09-04 20:07:22 UTC", "Place": "Sailor   \u0627\u0644\u0628\u062d\u0627\u0631", "Place Location": "Jeddah, Makkah", "Share Type": "Story Post"}, {"Date": "2020-09-04 10:48:09 UTC", "Place": "Al Itqan Apart-hotel", "Place Location": "Jeddah, Makkah Province", "Share Type": "Story Post"}, {"Date": "2020-09-03 22:45:27 UTC", "Place": "Al Itqan Apart-hotel", "Place Location": "Jeddah, Makkah Province", "Share Type": "Story Post"}, {"Date": "2020-09-02 23:04:29 UTC", "Place": "Bahrat al Qadimah", "Place Location": "Bahrat al Qadimah, MK", "Share Type": "Story Post"}, {"Date": "2020-09-02 22:57:22 UTC", "Place": "Makka", "Place Location": ", ", "Share Type": "Story Post"}, {"Date": "2020-09-02 22:56:25 UTC", "Place": "Makka", "Place Location": ", ", "Share Type": "Story Post"}, {"Date": "2020-09-02 09:23:52 UTC", "Place": "Makka", "Place Location": ", ", "Share Type": "Story Post"}, {"Date": "2020-09-01 11:41:13 UTC", "Place": "Jeddah", "Place Location": "\u062c\u062f\u0629, MK", "Share Type": "Story Post"}, {"Date": "2020-09-01 08:54:03 UTC", "Place": "\u0644\u0648\u0627\u0621 \u0627\u0644\u0627\u0645\u0646 \u0627\u0644\u062e\u0627\u0635(command of the special brigade", "Place Location": "Jeddah, Makkah", "Share Type": "Story Post"}, {"Date": "2020-08-30 19:33:21 UTC", "Place": "\u0644\u0648\u0627\u0621 \u0627\u0644\u0627\u0645\u0646 \u0627\u0644\u062e\u0627\u0635(command of the special brigade", "Place Location": "Jeddah, Makkah", "Share Type": "Story Post"}, {"Date": "2020-08-30 05:43:25 UTC", "Place": "\u0644\u0648\u0627\u0621 \u0627\u0644\u0627\u0645\u0646 \u0627\u0644\u062e\u0627\u0635(command of the special brigade", "Place Location": "Jeddah, Makkah", "Share Type": "Story Post"}, {"Date": "2020-08-29 23:26:30 UTC", "Place": "Al Firqah", "Place Location": ", ", "Share Type": "Story Post"}, {"Date": "2020-08-29 22:08:09 UTC", "Place": "\u0644\u0648\u0627\u0621 \u0627\u0644\u0627\u0645\u0646 \u0627\u0644\u062e\u0627\u0635(command of the special brigade", "Place Location": "Jeddah, Makkah", "Share Type": "Story Post"}, {"Date": "2020-08-29 21:40:34 UTC", "Place": "Bahrat al Qadimah", "Place Location": "Bahrat al Qadimah, MK", "Share Type": "Story Post"}, {"Date": "2020-08-28 20:53:53 UTC", "Place": "Mecca", "Place Location": ", ", "Share Type": "Story Post"}, {"Date": "2020-08-28 16:57:41 UTC", "Place": "\u0645\u0645\u0634\u0649 \u0627\u0644\u0641\u064a\u062d\u0627\u0621", "Place Location": "Mecca, MK", "Share Type": "Story Post"}, {"Date": "2020-08-28 16:26:35 UTC", "Place": "\u0645\u0645\u0634\u0649 \u0627\u0644\u0641\u064a\u062d\u0627\u0621", "Place Location": "Mecca, MK", "Share Type": "Story Post"}, {"Date": "2020-08-28 16:24:46 UTC", "Place": "\u0645\u0645\u0634\u0649 \u0627\u0644\u0641\u064a\u062d\u0627\u0621", "Place Location": "Mecca, MK", "Share Type": "Story Post"}, {"Date": "2020-08-27 22:45:09 UTC", "Place": "\u0625\u0633\u062a\u0631\u0627\u062d\u0629 \u0627\u0644\u0641\u0647\u062f", "Place Location": "\u0645\u0643\u0629, MK", "Share Type": "Story Post"}, {"Date": "2020-08-27 21:23:37 UTC", "Place": "\u0625\u0633\u062a\u0631\u0627\u062d\u0629 \u0627\u0644\u0641\u0647\u062f", "Place Location": "\u0645\u0643\u0629, MK", "Share Type": "Story Post"}, {"Date": "2020-08-27 18:32:44 UTC", "Place": "Mecca", "Place Location": ", ", "Share Type": "Story Post"}, {"Date": "2020-08-27 18:27:21 UTC", "Place": "\u0625\u0633\u062a\u0631\u0627\u062d\u0629 \u0627\u0644\u0641\u0647\u062f", "Place Location": "\u0645\u0643\u0629, MK", "Share Type": "Story Post"}, {"Date": "2020-08-27 18:00:27 UTC", "Place": "\u0625\u0633\u062a\u0631\u0627\u062d\u0629 \u0627\u0644\u0641\u0647\u062f", "Place Location": "\u0645\u0643\u0629, MK", "Share Type": "Story Post"}, {"Date": "2020-08-27 16:47:38 UTC", "Place": "\u0625\u0633\u062a\u0631\u0627\u062d\u0629 \u0627\u0644\u0641\u0647\u062f", "Place Location": "\u0645\u0643\u0629, MK", "Share Type": "Story Post"}, {"Date": "2020-08-27 16:41:39 UTC", "Place": "\u0625\u0633\u062a\u0631\u0627\u062d\u0629 \u0627\u0644\u0641\u0647\u062f", "Place Location": "\u0645\u0643\u0629, MK", "Share Type": "Story Post"}, {"Date": "2020-08-27 16:28:45 UTC", "Place": "\u0625\u0633\u062a\u0631\u0627\u062d\u0629 \u0627\u0644\u0641\u0647\u062f", "Place Location": "\u0645\u0643\u0629, MK", "Share Type": "Snap Send"}, {"Date": "2020-08-27 15:06:08 UTC", "Place": "\u0625\u0633\u062a\u0631\u0627\u062d\u0629 \u0627\u0644\u0641\u0647\u062f", "Place Location": "\u0645\u0643\u0629, MK", "Share Type": "Story Post"}, {"Date": "2020-08-27 14:55:57 UTC", "Place": "\u0625\u0633\u062a\u0631\u0627\u062d\u0629 \u0627\u0644\u0641\u0647\u062f", "Place Location": "\u0645\u0643\u0629, MK", "Share Type": "Story Post"}, {"Date": "2020-08-27 14:03:45 UTC", "Place": "\u0625\u0633\u062a\u0631\u0627\u062d\u0629 \u0627\u0644\u0641\u0647\u062f", "Place Location": "\u0645\u0643\u0629, MK", "Share Type": "Story Post"}, {"Date": "2020-08-27 01:20:56 UTC", "Place": "Jeddah", "Place Location": "\u062c\u062f\u0629, MK", "Share Type": "Story Post"}, {"Date": "2020-08-26 14:56:29 UTC", "Place": "Jeddah", "Place Location": "\u062c\u062f\u0629, MK", "Share Type": "Story Post"}, {"Date": "2020-08-25 20:46:06 UTC", "Place": "Jeddah", "Place Location": "\u062c\u062f\u0629, MK", "Share Type": "Story Post"}, {"Date": "2020-08-24 21:43:27 UTC", "Place": "Al Itqan Apart-hotel", "Place Location": "Jeddah, Makkah Province", "Share Type": "Story Post"}, {"Date": "2020-08-23 21:34:44 UTC", "Place": "Jeddah", "Place Location": "\u062c\u062f\u0629, MK", "Share Type": "Story Post"}, {"Date": "2020-08-23 17:52:51 UTC", "Place": "Rahat Al Bal Furnished Units", "Place Location": "Jeddah, Makkah Province", "Share Type": "Story Post"}, {"Date": "2020-08-22 19:24:50 UTC", "Place": "Al Mohamadyah Palace Furnished Uints", "Place Location": "Jeddah, Makkah Province", "Share Type": "Story Post"}, {"Date": "2020-08-22 19:23:40 UTC", "Place": "Al Mohamadyah Palace Furnished Uints", "Place Location": "Jeddah, Makkah Province", "Share Type": "Story Post"}, {"Date": "2020-08-22 16:24:55 UTC", "Place": "Joha&#39;s Corner (\u0631\u0643\u0646 \u062c\u062d\u0627)", "Place Location": "Jeddah, MK", "Share Type": "Story Post"}, {"Date": "2020-08-21 16:09:02 UTC", "Place": "IKEA Jeddah", "Place Location": "Jeddah, Makkah Province", "Share Type": "Story Post"}, {"Date": "2020-08-20 20:53:15 UTC", "Place": "Jeddah", "Place Location": "\u062c\u062f\u0629, MK", "Share Type": "Story Post"}, {"Date": "2020-08-20 19:16:25 UTC", "Place": "Jeddah", "Place Location": "\u062c\u062f\u0629, MK", "Share Type": "Story Post"}, {"Date": "2020-08-19 18:39:27 UTC", "Place": "Al Itqan Apart-hotel", "Place Location": "Jeddah, Makkah Province", "Share Type": "Story Post"}, {"Date": "2020-08-18 14:09:43 UTC", "Place": "Dip &amp; Dip", "Place Location": "Jeddah, Makkah", "Share Type": "Story Post"}, {"Date": "2020-08-18 14:07:47 UTC", "Place": "Dip &amp; Dip", "Place Location": "Jeddah, Makkah", "Share Type": "Story Post"}, {"Date": "2020-08-18 01:36:47 UTC", "Place": "Mecca", "Place Location": ", ", "Share Type": "Snap Send"}, {"Date": "2020-08-16 18:38:59 UTC", "Place": "AlRehab Dist. 3 (\u062d\u064a \u0627\u0644\u0631\u062d\u0627\u0628 \u0663)", "Place Location": "Jeddah, MK", "Share Type": "Story Post"}, {"Date": "2020-08-16 16:31:01 UTC", "Place": "Stage Cafe", "Place Location": "Jeddah, Makkah", "Share Type": "Story Post"}, {"Date": "2020-08-16 16:13:39 UTC", "Place": "Center Point   \u0633\u0646\u062a\u0631 \u0628\u0648\u064a\u0646\u062a", "Place Location": "Jeddah, Makkah", "Share Type": "Story Post"}, {"Date": "2020-08-15 08:04:02 UTC", "Place": "Jeddah", "Place Location": "\u062c\u062f\u0629, MK", "Share Type": "Story Post"}, {"Date": "2020-08-15 08:01:15 UTC", "Place": "Jeddah", "Place Location": "\u062c\u062f\u0629, MK", "Share Type": "Story Post"}, {"Date": "2020-08-15 07:46:54 UTC", "Place": "Al Itqan Apart-hotel", "Place Location": "Jeddah, Makkah Province", "Share Type": "Story Post"}, {"Date": "2020-08-14 19:45:30 UTC", "Place": "\u0627\u0633\u062a\u0631\u0627\u062d\u0647 \u0627\u0644\u0641\u064a\u0635\u0644", "Place Location": "\u062c\u062f\u0629, MK", "Share Type": "Story Post"}, {"Date": "2020-08-14 19:35:50 UTC", "Place": "\u0627\u0633\u062a\u0631\u0627\u062d\u0647 \u0627\u0644\u0641\u064a\u0635\u0644", "Place Location": "\u062c\u062f\u0629, MK", "Share Type": "Story Post"}, {"Date": "2020-08-14 19:32:56 UTC", "Place": "\u0627\u0633\u062a\u0631\u0627\u062d\u0647 \u0627\u0644\u0641\u064a\u0635\u0644", "Place Location": "\u062c\u062f\u0629, MK", "Share Type": "Story Post"}, {"Date": "2020-08-14 19:19:57 UTC", "Place": "\u0625\u0633\u062a\u0631\u0627\u062d\u0629 \u0627\u0644\u0639\u0632", "Place Location": "\u062c\u062f\u0629, MK", "Share Type": "Story Post"}, {"Date": "2020-08-13 20:05:54 UTC", "Place": "Mecca", "Place Location": ", ", "Share Type": "Story Post"}, {"Date": "2020-08-13 17:11:40 UTC", "Place": "Mecca", "Place Location": ", ", "Share Type": "Story Post"}, {"Date": "2020-08-13 05:36:43 UTC", "Place": "Makka", "Place Location": ", ", "Share Type": "Story Post"}, {"Date": "2020-08-12 19:54:28 UTC", "Place": "Jeddah \u0130nternational Turkish School", "Place Location": "Jeddah, MK", "Share Type": "Story Post"}, {"Date": "2020-08-12 04:45:35 UTC", "Place": "\u0644\u0648\u0627\u0621 \u0627\u0644\u0627\u0645\u0646 \u0627\u0644\u062e\u0627\u0635(command of the special brigade", "Place Location": "Jeddah, Makkah", "Share Type": "Story Post"}, {"Date": "2020-08-11 20:42:20 UTC", "Place": "Al Firqah", "Place Location": ", ", "Share Type": "Story Post"}, {"Date": "2020-08-11 20:32:55 UTC", "Place": "\u0644\u0648\u0627\u0621 \u0627\u0644\u0627\u0645\u0646 \u0627\u0644\u062e\u0627\u0635(command of the special brigade", "Place Location": "Jeddah, Makkah", "Share Type": "Story Post"}, {"Date": "2020-08-10 08:00:35 UTC", "Place": "\u0644\u0648\u0627\u0621 \u0627\u0644\u0627\u0645\u0646 \u0627\u0644\u062e\u0627\u0635(command of the special brigade", "Place Location": "Jeddah, Makkah", "Share Type": "Story Post"}, {"Date": "2020-08-10 07:59:08 UTC", "Place": "\u0644\u0648\u0627\u0621 \u0627\u0644\u0627\u0645\u0646 \u0627\u0644\u062e\u0627\u0635(command of the special brigade", "Place Location": "Jeddah, Makkah", "Share Type": "Story Post"}, {"Date": "2020-08-10 04:54:22 UTC", "Place": "Al Firqah", "Place Location": ", ", "Share Type": "Story Post"}, {"Date": "2020-08-08 12:49:40 UTC", "Place": "\u0644\u0648\u0627\u0621 \u0627\u0644\u0627\u0645\u0646 \u0627\u0644\u062e\u0627\u0635(command of the special brigade", "Place Location": "Jeddah, Makkah", "Share Type": "Story Post"}, {"Date": "2020-08-08 12:47:33 UTC", "Place": "\u0644\u0648\u0627\u0621 \u0627\u0644\u0627\u0645\u0646 \u0627\u0644\u062e\u0627\u0635(command of the special brigade", "Place Location": "Jeddah, Makkah", "Share Type": "Story Post"}, {"Date": "2020-08-08 10:21:19 UTC", "Place": "Al Firqah", "Place Location": ", ", "Share Type": "Story Post"}, {"Date": "2020-08-08 03:10:37 UTC", "Place": "\u0644\u0648\u0627\u0621 \u0627\u0644\u0627\u0645\u0646 \u0627\u0644\u062e\u0627\u0635(command of the special brigade", "Place Location": "Jeddah, Makkah", "Share Type": "Story Post"}, {"Date": "2020-08-07 14:54:29 UTC", "Place": "\u0625\u0633\u062a\u0631\u0627\u062d\u0629 \u0627\u0644\u0639\u0632", "Place Location": "\u062c\u062f\u0629, MK", "Share Type": "Story Post"}, {"Date": "2020-08-07 12:25:23 UTC", "Place": "\u0625\u0633\u062a\u0631\u0627\u062d\u0629 \u0627\u0644\u0639\u0632", "Place Location": "\u062c\u062f\u0629, MK", "Share Type": "Story Post"}, {"Date": "2020-08-06 23:35:59 UTC", "Place": "Al Itqan Apart-hotel", "Place Location": "Jeddah, Makkah Province", "Share Type": "Story Post"}, {"Date": "2020-08-06 05:29:26 UTC", "Place": "\u0644\u0648\u0627\u0621 \u0627\u0644\u0627\u0645\u0646 \u0627\u0644\u062e\u0627\u0635(command of the special brigade", "Place Location": "Jeddah, Makkah", "Share Type": "Story Post"}, {"Date": "2020-08-06 03:42:19 UTC", "Place": "Al Firqah", "Place Location": ", ", "Share Type": "Snap Send"}, {"Date": "2020-08-05 20:55:58 UTC", "Place": "Jeddah", "Place Location": "\u062c\u062f\u0629, MK", "Share Type": "Story Post"}, {"Date": "2020-08-05 05:48:57 UTC", "Place": "Al Firqah", "Place Location": ", ", "Share Type": "Story Post"}, {"Date": "2020-08-05 05:21:09 UTC", "Place": "\u0644\u0648\u0627\u0621 \u0627\u0644\u0627\u0645\u0646 \u0627\u0644\u062e\u0627\u0635(command of the special brigade", "Place Location": "Jeddah, Makkah", "Share Type": "Story Post"}, {"Date": "2020-08-04 06:28:00 UTC", "Place": "Jeddah", "Place Location": "\u062c\u062f\u0629, MK", "Share Type": "Story Post"}, {"Date": "2020-08-04 06:27:15 UTC", "Place": "Jeddah", "Place Location": "\u062c\u062f\u0629, MK", "Share Type": "Story Post"}, {"Date": "2020-08-03 06:56:25 UTC", "Place": "Al Firqah", "Place Location": ", ", "Share Type": "Story Post"}, {"Date": "2020-08-02 02:48:11 UTC", "Place": "\u0644\u0648\u0627\u0621 \u0627\u0644\u0627\u0645\u0646 \u0627\u0644\u062e\u0627\u0635(command of the special brigade", "Place Location": "Jeddah, Makkah", "Share Type": "Story Post"}, {"Date": "2020-08-01 17:20:41 UTC", "Place": "Jeddah \u0130nternational Turkish School", "Place Location": "Jeddah, MK", "Share Type": "Story Post"}, {"Date": "2020-08-01 16:41:34 UTC", "Place": "AlRehab Dist. 3 (\u062d\u064a \u0627\u0644\u0631\u062d\u0627\u0628 \u0663)", "Place Location": "Jeddah, MK", "Share Type": "Story Post"}, {"Date": "2020-07-31 08:20:11 UTC", "Place": "Al Firqah", "Place Location": ", ", "Share Type": "Story Post"}, {"Date": "2020-07-30 19:59:25 UTC", "Place": "\u0627\u0633\u062a\u0631\u0627\u062d\u0647 \u0627\u0644\u0641\u064a\u0635\u0644", "Place Location": "\u062c\u062f\u0629, MK", "Share Type": "Story Post"}, {"Date": "2020-07-30 19:53:11 UTC", "Place": "\u0627\u0633\u062a\u0631\u0627\u062d\u0647 \u0627\u0644\u0641\u064a\u0635\u0644", "Place Location": "\u062c\u062f\u0629, MK", "Share Type": "Story Post"}, {"Date": "2020-07-30 18:43:12 UTC", "Place": "\u0627\u0633\u062a\u0631\u0627\u062d\u0647 \u0627\u0644\u0641\u064a\u0635\u0644", "Place Location": "\u062c\u062f\u0629, MK", "Share Type": "Story Post"}, {"Date": "2020-07-30 17:47:56 UTC", "Place": "\u0627\u0633\u062a\u0631\u0627\u062d\u0647 \u0627\u0644\u0641\u064a\u0635\u0644", "Place Location": "\u062c\u062f\u0629, MK", "Share Type": "Story Post"}, {"Date": "2020-07-30 17:41:15 UTC", "Place": "\u0627\u0633\u062a\u0631\u0627\u062d\u0647 \u0627\u0644\u0641\u064a\u0635\u0644", "Place Location": "\u062c\u062f\u0629, MK", "Share Type": "Story Post"}, {"Date": "2020-07-30 10:49:33 UTC", "Place": "Jeddah Waterfront", "Place Location": "Jeddah, Makkah", "Share Type": "Story Post"}, {"Date": "2020-07-30 08:03:53 UTC", "Place": "Jeddah", "Place Location": "\u062c\u062f\u0629, MK", "Share Type": "Story Post"}, {"Date": "2020-07-30 05:11:20 UTC", "Place": "Al Firqah", "Place Location": ", ", "Share Type": "Story Post"}, {"Date": "2020-07-30 05:09:18 UTC", "Place": "Al Firqah", "Place Location": ", ", "Share Type": "Story Post"}, {"Date": "2020-07-29 17:15:41 UTC", "Place": "Mecca", "Place Location": ", ", "Share Type": "Story Post"}, {"Date": "2020-07-29 15:35:26 UTC", "Place": "Mecca", "Place Location": ", ", "Share Type": "Story Post"}, {"Date": "2020-07-29 14:41:18 UTC", "Place": "Mecca", "Place Location": ", ", "Share Type": "Story Post"}, {"Date": "2020-07-29 05:53:51 UTC", "Place": "Mecca", "Place Location": ", ", "Share Type": "Story Post"}, {"Date": "2020-07-28 19:56:06 UTC", "Place": "ngha hospital ER department tearoom", "Place Location": "Jeddah, Makkah", "Share Type": "Story Post"}, {"Date": "2020-07-28 19:19:07 UTC", "Place": "ngha hospital ER department tearoom", "Place Location": "Jeddah, Makkah", "Share Type": "Story Post"}, {"Date": "2020-07-28 04:18:08 UTC", "Place": "Al Firqah", "Place Location": ", ", "Share Type": "Story Post"}, {"Date": "2020-07-28 03:26:21 UTC", "Place": "Al Firqah", "Place Location": ", ", "Share Type": "Story Post"}, {"Date": "2020-07-28 03:25:11 UTC", "Place": "Al Firqah", "Place Location": ", ", "Share Type": "Story Post"}, {"Date": "2020-07-28 02:27:55 UTC", "Place": "Jeddah", "Place Location": "\u062c\u062f\u0629, MK", "Share Type": "Story Post"}, {"Date": "2020-07-27 06:16:43 UTC", "Place": "Jeddah", "Place Location": "\u062c\u062f\u0629, MK", "Share Type": "Story Post"}, {"Date": "2020-07-26 21:04:17 UTC", "Place": "\u0643\u0627\u0641\u064a\u0647 \u0627\u0644\u0631\u0648\u0627\u0642 \u0627\u0644\u0645\u063a\u0631\u0628\u064a", "Place Location": "Mecca, Makkah", "Share Type": "Story Post"}, {"Date": "2020-07-26 20:46:09 UTC", "Place": "Mecca", "Place Location": ", ", "Share Type": "Story Post"}, {"Date": "2020-07-25 16:04:28 UTC", "Place": "Al Firqah", "Place Location": ", ", "Share Type": "Story Post"}, {"Date": "2020-07-25 14:15:49 UTC", "Place": "Al Firqah", "Place Location": ", ", "Share Type": "Story Post"}, {"Date": "2020-07-25 11:11:46 UTC", "Place": "Al Firqah", "Place Location": ", ", "Share Type": "Story Post"}, {"Date": "2020-07-25 03:25:51 UTC", "Place": "Al Firqah", "Place Location": ", ", "Share Type": "Story Post"}, {"Date": "2020-07-24 18:37:03 UTC", "Place": "AlRehab Dist. 3 (\u062d\u064a \u0627\u0644\u0631\u062d\u0627\u0628 \u0663)", "Place Location": "Jeddah, MK", "Share Type": "Story Post"}, {"Date": "2020-07-23 09:03:16 UTC", "Place": "Al Itqan Apart-hotel", "Place Location": "Jeddah, Makkah Province", "Share Type": "Story Post"}, {"Date": "2020-07-23 08:09:59 UTC", "Place": "\u0642\u0627\u0639\u0629 \u0644\u064a\u0627\u0644\u064a \u0627\u0644\u0646\u0648\u0631", "Place Location": "\u062c\u062f\u0629, MK", "Share Type": "Story Post"}, {"Date": "2020-07-23 07:55:05 UTC", "Place": "Cinni Swirl", "Place Location": "Jeddah, Makkah", "Share Type": "Story Post"}, {"Date": "2020-07-23 07:32:15 UTC", "Place": "Center Point   \u0633\u0646\u062a\u0631 \u0628\u0648\u064a\u0646\u062a", "Place Location": "Jeddah, Makkah", "Share Type": "Story Post"}, {"Date": "2020-07-23 07:27:16 UTC", "Place": "Jeddah", "Place Location": "\u062c\u062f\u0629, MK", "Share Type": "Story Post"}, {"Date": "2020-07-23 06:24:42 UTC", "Place": "Jeddah \u0130nternational Turkish School", "Place Location": "Jeddah, MK", "Share Type": "Story Post"}, {"Date": "2020-07-23 03:51:14 UTC", "Place": "\u0644\u0648\u0627\u0621 \u0627\u0644\u0627\u0645\u0646 \u0627\u0644\u062e\u0627\u0635(command of the special brigade", "Place Location": "Jeddah, Makkah", "Share Type": "Story Post"}, {"Date": "2020-07-22 04:27:37 UTC", "Place": "\u0644\u0648\u0627\u0621 \u0627\u0644\u0627\u0645\u0646 \u0627\u0644\u062e\u0627\u0635(command of the special brigade", "Place Location": "Jeddah, Makkah", "Share Type": "Story Post"}, {"Date": "2020-07-21 14:20:48 UTC", "Place": "Mecca", "Place Location": ", ", "Share Type": "Story Post"}, {"Date": "2020-07-21 10:04:36 UTC", "Place": "Mecca", "Place Location": ", ", "Share Type": "Story Post"}, {"Date": "2020-07-20 08:59:31 UTC", "Place": "Mecca", "Place Location": ", ", "Share Type": "Story Post"}, {"Date": "2020-07-20 05:59:42 UTC", "Place": "Mecca", "Place Location": ", ", "Share Type": "Story Post"}, {"Date": "2020-07-20 05:53:12 UTC", "Place": "Mecca", "Place Location": ", ", "Share Type": "Story Post"}, {"Date": "2020-07-20 05:32:48 UTC", "Place": "\u0643\u0627\u0641\u064a\u0647 \u0627\u0644\u0631\u0648\u0627\u0642 \u0627\u0644\u0645\u063a\u0631\u0628\u064a", "Place Location": "Mecca, Makkah", "Share Type": "Story Post"}, {"Date": "2020-07-20 03:11:42 UTC", "Place": "Al Firqah", "Place Location": ", ", "Share Type": "Story Post"}, {"Date": "2020-07-19 17:18:26 UTC", "Place": "Mecca", "Place Location": ", ", "Share Type": "Story Post"}, {"Date": "2020-07-19 16:37:16 UTC", "Place": "\u0643\u0627\u0641\u064a\u0647 \u0627\u0644\u0631\u0648\u0627\u0642 \u0627\u0644\u0645\u063a\u0631\u0628\u064a", "Place Location": "Mecca, Makkah", "Share Type": "Story Post"}, {"Date": "2020-07-19 00:43:07 UTC", "Place": "\u0644\u0648\u0627\u0621 \u0627\u0644\u0627\u0645\u0646 \u0627\u0644\u062e\u0627\u0635(command of the special brigade", "Place Location": "Jeddah, Makkah", "Share Type": "Story Post"}, {"Date": "2020-07-17 11:38:01 UTC", "Place": "Al Firqah", "Place Location": ", ", "Share Type": "Story Post"}, {"Date": "2020-07-17 09:24:40 UTC", "Place": "\u0644\u0648\u0627\u0621 \u0627\u0644\u0627\u0645\u0646 \u0627\u0644\u062e\u0627\u0635(command of the special brigade", "Place Location": "Jeddah, Makkah", "Share Type": "Story Post"}, {"Date": "2020-07-17 07:45:48 UTC", "Place": "\u0639\u0635\u064a\u0631 \u0642\u0635\u0628 \u0627\u0644\u0639\u0645\u062f\u0647", "Place Location": "Jeddah, Makkah", "Share Type": "Story Post"}, {"Date": "2020-07-17 03:55:57 UTC", "Place": "Al Firqah", "Place Location": ", ", "Share Type": "Story Post"}, {"Date": "2020-07-17 03:17:04 UTC", "Place": "Al Firqah", "Place Location": ", ", "Share Type": "Snap Send"}, {"Date": "2020-07-16 21:54:30 UTC", "Place": "Mecca", "Place Location": ", ", "Share Type": "Story Post"}, {"Date": "2020-07-16 19:37:40 UTC", "Place": "Mecca", "Place Location": ", ", "Share Type": "Story Post"}, {"Date": "2020-07-16 17:16:07 UTC", "Place": "\u0645\u0637\u0627\u0639\u0645 \u0627\u0644\u0639\u0631\u0628\u064a \u0644\u0644\u0641\u0648\u0644 \u0648\u0627\u0644\u062a\u0645\u064a\u0633 \u0627\u0644\u064a\u0645\u0627\u0646\u064a", "Place Location": "Mecca, Makkah", "Share Type": "Story Post"}, {"Date": "2020-07-16 16:24:55 UTC", "Place": "FitnessTime", "Place Location": "Mecca, Makkah", "Share Type": "Story Post"}, {"Date": "2020-07-16 03:04:23 UTC", "Place": "Al Firqah", "Place Location": ", ", "Share Type": "Story Post"}, {"Date": "2020-07-15 18:30:39 UTC", "Place": "\u0643\u0627\u0641\u064a\u0647 \u0627\u0644\u0631\u0648\u0627\u0642 \u0627\u0644\u0645\u063a\u0631\u0628\u064a", "Place Location": "Mecca, Makkah", "Share Type": "Story Post"}, {"Date": "2020-07-15 18:23:20 UTC", "Place": "\u0643\u0627\u0641\u064a\u0647 \u0627\u0644\u0631\u0648\u0627\u0642 \u0627\u0644\u0645\u063a\u0631\u0628\u064a", "Place Location": "Mecca, Makkah", "Share Type": "Story Post"}, {"Date": "2020-07-15 15:53:24 UTC", "Place": "Mecca", "Place Location": ", ", "Share Type": "Story Post"}, {"Date": "2020-07-15 15:45:00 UTC", "Place": "Mecca", "Place Location": ", ", "Share Type": "Story Post"}, {"Date": "2020-07-15 05:29:13 UTC", "Place": "Mecca", "Place Location": ", ", "Share Type": "Story Post"}, {"Date": "2020-07-15 05:22:22 UTC", "Place": "Mecca", "Place Location": ", ", "Share Type": "Story Post"}, {"Date": "2020-07-15 03:12:34 UTC", "Place": "Al Firqah", "Place Location": ", ", "Share Type": "Story Post"}, {"Date": "2020-07-14 19:19:29 UTC", "Place": "Jeddah", "Place Location": "\u062c\u062f\u0629, MK", "Share Type": "Story Post"}, {"Date": "2020-07-13 18:02:45 UTC", "Place": "Mecca", "Place Location": ", ", "Share Type": "Story Post"}, {"Date": "2020-07-13 16:08:27 UTC", "Place": "FitnessTime", "Place Location": "Mecca, Makkah", "Share Type": "Story Post"}, {"Date": "2020-07-12 20:28:07 UTC", "Place": "Mecca", "Place Location": ", ", "Share Type": "Story Post"}, {"Date": "2020-07-12 10:09:57 UTC", "Place": "Mecca", "Place Location": ", ", "Share Type": "Story Post"}, {"Date": "2020-07-11 17:30:15 UTC", "Place": "Mecca", "Place Location": ", ", "Share Type": "Story Post"}, {"Date": "2020-07-11 17:05:58 UTC", "Place": "Mecca", "Place Location": ", ", "Share Type": "Story Post"}, {"Date": "2020-07-11 16:23:15 UTC", "Place": "\u0643\u0627\u0641\u064a\u0647 \u0627\u0644\u0631\u0648\u0627\u0642 \u0627\u0644\u0645\u063a\u0631\u0628\u064a", "Place Location": "Mecca, Makkah", "Share Type": "Story Post"}, {"Date": "2020-07-10 22:32:46 UTC", "Place": "Mecca", "Place Location": ", ", "Share Type": "Story Post"}, {"Date": "2020-07-10 19:36:19 UTC", "Place": "Mecca", "Place Location": ", ", "Share Type": "Story Post"}, {"Date": "2020-07-10 18:03:39 UTC", "Place": "Mecca", "Place Location": ", ", "Share Type": "Story Post"}, {"Date": "2020-07-09 10:44:14 UTC", "Place": "\u0627\u0633\u062a\u0631\u0627\u062d\u0629 \u0622\u0644 \u0639\u0627\u0634\u0648\u0631", "Place Location": "\u0645\u0643\u0629, MK", "Share Type": "Story Post"}, {"Date": "2020-07-09 07:03:31 UTC", "Place": "Mecca", "Place Location": ", ", "Share Type": "Story Post"}, {"Date": "2020-07-09 02:49:58 UTC", "Place": "Al Firqah", "Place Location": ", ", "Share Type": "Story Post"}, {"Date": "2020-07-08 18:16:48 UTC", "Place": "Mecca", "Place Location": ", ", "Share Type": "Story Post"}, {"Date": "2020-07-08 15:37:41 UTC", "Place": "\u0643\u0627\u0641\u064a\u0647 \u0627\u0644\u0631\u0648\u0627\u0642 \u0627\u0644\u0645\u063a\u0631\u0628\u064a", "Place Location": "Mecca, Makkah", "Share Type": "Story Post"}, {"Date": "2020-07-07 15:36:56 UTC", "Place": "Al Firqah", "Place Location": ", ", "Share Type": "Story Post"}, {"Date": "2020-07-06 22:48:22 UTC", "Place": "\u062f\u064a\u0648\u0627\u0646\u064a\u0629 \u0627\u0644\u0634\u064a\u0648\u062e \u0644\u0644\u0642\u0647\u0648\u0629 \u0627\u0644\u0639\u0631\u0628\u064a\u0629", "Place Location": "Mecca, Makkah", "Share Type": "Story Post"}, {"Date": "2020-07-06 22:05:17 UTC", "Place": "\u062f\u064a\u0648\u0627\u0646\u064a\u0629 \u0627\u0644\u0634\u064a\u0648\u062e \u0644\u0644\u0642\u0647\u0648\u0629 \u0627\u0644\u0639\u0631\u0628\u064a\u0629", "Place Location": "Mecca, Makkah", "Share Type": "Story Post"}, {"Date": "2020-07-06 20:42:09 UTC", "Place": "\u062f\u064a\u0648\u0627\u0646\u064a\u0629 \u0627\u0644\u0634\u064a\u0648\u062e \u0644\u0644\u0642\u0647\u0648\u0629 \u0627\u0644\u0639\u0631\u0628\u064a\u0629", "Place Location": "Mecca, Makkah", "Share Type": "Story Post"}, {"Date": "2020-07-06 16:39:58 UTC", "Place": "\u0643\u0627\u0641\u064a\u0647 \u0627\u0644\u0631\u0648\u0627\u0642 \u0627\u0644\u0645\u063a\u0631\u0628\u064a", "Place Location": "Mecca, Makkah", "Share Type": "Story Post"}, {"Date": "2020-07-06 16:37:50 UTC", "Place": "\u0643\u0627\u0641\u064a\u0647 \u0627\u0644\u0631\u0648\u0627\u0642 \u0627\u0644\u0645\u063a\u0631\u0628\u064a", "Place Location": "Mecca, Makkah", "Share Type": "Story Post"}, {"Date": "2020-07-05 21:10:49 UTC", "Place": "Makka", "Place Location": ", ", "Share Type": "Story Post"}, {"Date": "2020-07-05 21:04:16 UTC", "Place": "Bahrat al Qadimah", "Place Location": "Bahrat al Qadimah, MK", "Share Type": "Story Post"}, {"Date": "2020-07-02 06:50:55 UTC", "Place": "Al Firqah", "Place Location": ", ", "Share Type": "Story Post"}, {"Date": "2020-07-02 06:50:33 UTC", "Place": "Al Firqah", "Place Location": ", ", "Share Type": "Story Post"}, {"Date": "2020-07-02 02:46:57 UTC", "Place": "Al Firqah", "Place Location": ", ", "Share Type": "Story Post"}, {"Date": "2020-07-02 02:44:44 UTC", "Place": "Al Firqah", "Place Location": ", ", "Share Type": "Story Post"}, {"Date": "2020-06-25 22:19:27 UTC", "Place": "Fitness Time Pro   \u0648\u0642\u062a \u0627\u0644\u0644\u064a\u0627\u0642\u0629", "Place Location": "Jeddah, Makkah", "Share Type": "Story Post"}, {"Date": "2020-06-25 19:54:58 UTC", "Place": "\u0644\u0648\u0627\u0621 \u0627\u0644\u0627\u0645\u0646 \u0627\u0644\u062e\u0627\u0635(command of the special brigade", "Place Location": "Jeddah, Makkah", "Share Type": "Story Post"}, {"Date": "2020-06-25 19:44:14 UTC", "Place": "\u0644\u0648\u0627\u0621 \u0627\u0644\u0627\u0645\u0646 \u0627\u0644\u062e\u0627\u0635(command of the special brigade", "Place Location": "Jeddah, Makkah", "Share Type": "Story Post"}, {"Date": "2020-06-25 18:59:05 UTC", "Place": "\u0644\u0648\u0627\u0621 \u0627\u0644\u0627\u0645\u0646 \u0627\u0644\u062e\u0627\u0635(command of the special brigade", "Place Location": "Jeddah, Makkah", "Share Type": "Story Post"}, {"Date": "2020-06-24 18:32:50 UTC", "Place": "Al Firqah", "Place Location": ", ", "Share Type": "Story Post"}, {"Date": "2020-06-24 18:19:17 UTC", "Place": "Al Firqah", "Place Location": ", ", "Share Type": "Story Post"}, {"Date": "2020-06-24 18:12:17 UTC", "Place": "Al Firqah", "Place Location": ", ", "Share Type": "Story Post"}, {"Date": "2020-06-24 06:34:07 UTC", "Place": "Al Firqah", "Place Location": ", ", "Share Type": "Story Post"}]}