{"Support Site": [{"Create Time": "2022-04-11 06:18:36 UTC", "Subject": "Account Recovery Request", "Message": "I want seve snapchat"}, {"Create Time": "2021-10-15 06:56:31 UTC", "Subject": "bugs-2", "Message": "I need to verify my account because I started losing my account by an unknown person"}, {"Create Time": "2021-11-10 03:37:09 UTC", "Subject": "bugs-2", "Message": "I want to trust my account"}, {"Create Time": "2021-10-15 06:57:33 UTC", "Subject": "bugs-2", "Message": "I need to verify my account because I started losing my account by an unknown person"}, {"Create Time": "2021-02-01 06:06:16 UTC", "Subject": "bugs-2", "Message": "There are some who impersonate me, and I am the owner of the account. I want to verify the account to avoid fraud and fraud"}, {"Create Time": "2021-02-01 05:36:56 UTC", "Subject": "bugs-2", "Message": "There are some who impersonate me, and I am the owner of the account. I want to verify the account to avoid fraud and fraud"}, {"Create Time": "2021-02-01 05:48:18 UTC", "Subject": "bugs-2", "Message": "There are some who impersonate me, and I am the owner of the account. I want to verify the account to avoid fraud and fraud"}], "In-app Report": [], "Shake to Report": []}