{"Outgoing Calls": [{"Date & Time": "2022-06-24 05:50:28 UTC", "Type": "AUDIO", "People in Chat": 0, "Result": "Call Initiated", "City": "jiddah", "Country": "SA", "Length (sec)": 9, "Network": "MOBILE"}, {"Date & Time": "2022-06-24 05:45:49 UTC", "Type": "AUDIO", "People in Chat": 2, "Result": "Call Initiated", "City": "jiddah", "Country": "SA", "Length (sec)": 23, "Network": "MOBILE"}, {"Date & Time": "2022-06-23 10:28:03 UTC", "Type": "AUDIO", "People in Chat": 2, "Result": "Call Succeeded", "City": "jiddah", "Country": "SA", "Length (sec)": 5, "Network": "MOBILE"}, {"Date & Time": "2022-06-22 06:25:17 UTC", "Type": "VIDEO", "People in Chat": 2, "Result": "Call Succeeded", "City": "jiddah", "Country": "SA", "Length (sec)": 2, "Network": "MOBILE"}, {"Date & Time": "2022-06-21 08:14:29 UTC", "Type": "VIDEO", "People in Chat": 2, "Result": "Call Failed", "City": "jiddah", "Country": "SA", "Length (sec)": 10, "Network": "MOBILE"}, {"Date & Time": "2022-06-21 08:10:03 UTC", "Type": "VIDEO", "People in Chat": 2, "Result": "Call Failed", "City": "jiddah", "Country": "SA", "Length (sec)": 11, "Network": "MOBILE"}, {"Date & Time": "2022-06-20 16:51:51 UTC", "Type": "AUDIO", "People in Chat": 2, "Result": "Call Succeeded", "City": "jiddah", "Country": "SA", "Length (sec)": 18, "Network": "MOBILE"}, {"Date & Time": "2022-06-20 14:41:47 UTC", "Type": "AUDIO", "People in Chat": 2, "Result": "Call Succeeded", "City": "jiddah", "Country": "SA", "Length (sec)": 15, "Network": "MOBILE"}, {"Date & Time": "2022-06-20 14:01:53 UTC", "Type": "AUDIO", "People in Chat": 2, "Result": "Call Succeeded", "City": "jiddah", "Country": "SA", "Length (sec)": 14, "Network": "MOBILE"}, {"Date & Time": "2022-06-20 12:04:16 UTC", "Type": "VIDEO", "People in Chat": 2, "Result": "Call Succeeded", "City": "jiddah", "Country": "SA", "Length (sec)": 3, "Network": "MOBILE"}, {"Date & Time": "2022-06-20 11:06:06 UTC", "Type": "VIDEO", "People in Chat": 2, "Result": "Call Failed", "City": "jiddah", "Country": "SA", "Length (sec)": 27, "Network": "MOBILE"}, {"Date & Time": "2022-06-20 10:30:28 UTC", "Type": "AUDIO", "People in Chat": 2, "Result": "Call Succeeded", "City": "jiddah", "Country": "SA", "Length (sec)": 29, "Network": "MOBILE"}, {"Date & Time": "2022-06-20 10:27:00 UTC", "Type": "AUDIO", "People in Chat": 2, "Result": "Call Succeeded", "City": "jiddah", "Country": "SA", "Length (sec)": 11, "Network": "MOBILE"}, {"Date & Time": "2022-06-19 10:32:39 UTC", "Type": "VIDEO", "People in Chat": 2, "Result": "Call Failed", "City": "jiddah", "Country": "SA", "Length (sec)": 9, "Network": "MOBILE"}, {"Date & Time": "2022-06-19 08:17:11 UTC", "Type": "VIDEO", "People in Chat": 2, "Result": "Call Initiated", "City": "jiddah", "Country": "SA", "Length (sec)": 3, "Network": "MOBILE"}, {"Date & Time": "2022-06-17 19:48:15 UTC", "Type": "VIDEO", "People in Chat": 2, "Result": "Call Succeeded", "City": "jiddah", "Country": "SA", "Length (sec)": 9, "Network": "MOBILE"}, {"Date & Time": "2022-06-17 19:34:29 UTC", "Type": "AUDIO", "People in Chat": 2, "Result": "Call Failed", "City": "jiddah", "Country": "SA", "Length (sec)": 6, "Network": "MOBILE"}, {"Date & Time": "2022-06-17 19:09:23 UTC", "Type": "AUDIO", "People in Chat": 2, "Result": "Call Succeeded", "City": "jiddah", "Country": "SA", "Length (sec)": 8, "Network": "MOBILE"}, {"Date & Time": "2022-06-17 18:45:45 UTC", "Type": "AUDIO", "People in Chat": 2, "Result": "Call Initiated", "City": "jiddah", "Country": "SA", "Length (sec)": 14, "Network": "MOBILE"}, {"Date & Time": "2022-06-17 14:28:27 UTC", "Type": "AUDIO", "People in Chat": 2, "Result": "Call Failed", "City": "jiddah", "Country": "SA", "Length (sec)": 11, "Network": "MOBILE"}, {"Date & Time": "2022-06-17 13:58:13 UTC", "Type": "AUDIO", "People in Chat": 2, "Result": "Call Failed", "City": "jiddah", "Country": "SA", "Length (sec)": 25, "Network": "MOBILE"}, {"Date & Time": "2022-06-16 05:01:52 UTC", "Type": "AUDIO", "People in Chat": 2, "Result": "Call Failed", "City": "jiddah", "Country": "SA", "Length (sec)": 21, "Network": "MOBILE"}, {"Date & Time": "2022-06-15 19:12:31 UTC", "Type": "AUDIO", "People in Chat": 2, "Result": "Call Failed", "City": "jiddah", "Country": "SA", "Length (sec)": 28, "Network": "MOBILE"}, {"Date & Time": "2022-06-15 18:10:41 UTC", "Type": "AUDIO", "People in Chat": 2, "Result": "Call Succeeded", "City": "jiddah", "Country": "SA", "Length (sec)": 5, "Network": "MOBILE"}, {"Date & Time": "2022-06-15 10:02:15 UTC", "Type": "AUDIO", "People in Chat": 2, "Result": "Call Succeeded", "City": "jiddah", "Country": "SA", "Length (sec)": 4, "Network": "MOBILE"}, {"Date & Time": "2022-06-15 09:14:57 UTC", "Type": "AUDIO", "People in Chat": 2, "Result": "Call Initiated", "City": "jiddah", "Country": "SA", "Length (sec)": 23, "Network": "MOBILE"}, {"Date & Time": "2022-06-15 09:14:38 UTC", "Type": "AUDIO", "People in Chat": 2, "Result": "Call Initiated", "City": "jiddah", "Country": "SA", "Length (sec)": 23, "Network": "MOBILE"}, {"Date & Time": "2022-06-15 09:13:56 UTC", "Type": "AUDIO", "People in Chat": 2, "Result": "Call Succeeded", "City": "jiddah", "Country": "SA", "Length (sec)": 16, "Network": "MOBILE"}, {"Date & Time": "2022-06-15 09:13:37 UTC", "Type": "AUDIO", "People in Chat": 2, "Result": "Call Succeeded", "City": "jiddah", "Country": "SA", "Length (sec)": 16, "Network": "MOBILE"}, {"Date & Time": "2022-06-15 08:56:59 UTC", "Type": "AUDIO", "People in Chat": 2, "Result": "Call Succeeded", "City": "jiddah", "Country": "SA", "Length (sec)": 9, "Network": "MOBILE"}, {"Date & Time": "2022-06-15 08:56:07 UTC", "Type": "AUDIO", "People in Chat": 2, "Result": "Call Succeeded", "City": "jiddah", "Country": "SA", "Length (sec)": 5, "Network": "MOBILE"}, {"Date & Time": "2022-06-15 08:45:45 UTC", "Type": "AUDIO", "People in Chat": 2, "Result": "Call Failed", "City": "jiddah", "Country": "SA", "Length (sec)": 16, "Network": "MOBILE"}, {"Date & Time": "2022-06-15 08:45:01 UTC", "Type": "VIDEO", "People in Chat": 2, "Result": "Call Succeeded", "City": "jiddah", "Country": "SA", "Length (sec)": 6, "Network": "MOBILE"}, {"Date & Time": "2022-06-15 07:22:46 UTC", "Type": "VIDEO", "People in Chat": 2, "Result": "Call Failed", "City": "jiddah", "Country": "SA", "Length (sec)": 30, "Network": "MOBILE"}, {"Date & Time": "2022-06-15 04:49:25 UTC", "Type": "VIDEO", "People in Chat": 2, "Result": "Call Succeeded", "City": "jiddah", "Country": "SA", "Length (sec)": 4, "Network": "MOBILE"}, {"Date & Time": "2022-06-14 16:32:19 UTC", "Type": "AUDIO", "People in Chat": 2, "Result": "Call Succeeded", "City": "jiddah", "Country": "SA", "Length (sec)": 15, "Network": "MOBILE"}, {"Date & Time": "2022-06-11 01:36:20 UTC", "Type": "AUDIO", "People in Chat": 2, "Result": "Call Initiated", "City": "jiddah", "Country": "SA", "Length (sec)": 27, "Network": "MOBILE"}, {"Date & Time": "2022-06-10 21:44:59 UTC", "Type": "AUDIO", "People in Chat": 2, "Result": "Call Succeeded", "City": "jiddah", "Country": "SA", "Length (sec)": 12, "Network": "MOBILE"}, {"Date & Time": "2022-06-10 21:44:33 UTC", "Type": "AUDIO", "People in Chat": 2, "Result": "Call Initiated", "City": "jiddah", "Country": "SA", "Length (sec)": 23, "Network": "MOBILE"}, {"Date & Time": "2022-06-10 21:40:55 UTC", "Type": "AUDIO", "People in Chat": 2, "Result": "Call Failed", "City": "jiddah", "Country": "SA", "Length (sec)": 23, "Network": "MOBILE"}, {"Date & Time": "2022-06-10 17:08:05 UTC", "Type": "VIDEO", "People in Chat": 2, "Result": "Call Failed", "City": "jiddah", "Country": "SA", "Length (sec)": 21, "Network": "MOBILE"}, {"Date & Time": "2022-06-09 21:07:11 UTC", "Type": "AUDIO", "People in Chat": 2, "Result": "Call Succeeded", "City": "jiddah", "Country": "SA", "Length (sec)": 5, "Network": "MOBILE"}, {"Date & Time": "2022-06-09 12:45:30 UTC", "Type": "AUDIO", "People in Chat": 2, "Result": "Call Failed", "City": "jiddah", "Country": "SA", "Length (sec)": 4, "Network": "MOBILE"}, {"Date & Time": "2022-06-08 19:00:21 UTC", "Type": "AUDIO", "People in Chat": 2, "Result": "Call Succeeded", "City": "jiddah", "Country": "SA", "Length (sec)": 11, "Network": "MOBILE"}, {"Date & Time": "2022-06-08 18:51:25 UTC", "Type": "AUDIO", "People in Chat": 2, "Result": "Call Failed", "City": "jiddah", "Country": "SA", "Length (sec)": 30, "Network": "MOBILE"}, {"Date & Time": "2022-06-08 18:48:10 UTC", "Type": "AUDIO", "People in Chat": 2, "Result": "Call Succeeded", "City": "jiddah", "Country": "SA", "Length (sec)": 18, "Network": "MOBILE"}, {"Date & Time": "2022-06-08 14:54:54 UTC", "Type": "AUDIO", "People in Chat": 2, "Result": "Call Initiated", "City": "jiddah", "Country": "SA", "Length (sec)": 19, "Network": "MOBILE"}, {"Date & Time": "2022-06-08 08:02:58 UTC", "Type": "AUDIO", "People in Chat": 2, "Result": "Call Succeeded", "City": "jiddah", "Country": "SA", "Length (sec)": 8, "Network": "MOBILE"}, {"Date & Time": "2022-06-08 06:06:08 UTC", "Type": "AUDIO", "People in Chat": 2, "Result": "Call Initiated", "City": "jiddah", "Country": "SA", "Length (sec)": 20, "Network": "MOBILE"}, {"Date & Time": "2022-06-07 19:35:23 UTC", "Type": "AUDIO", "People in Chat": 2, "Result": "Call Failed", "City": "jiddah", "Country": "SA", "Length (sec)": 16, "Network": "MOBILE"}, {"Date & Time": "2022-06-07 19:33:39 UTC", "Type": "AUDIO", "People in Chat": 2, "Result": "Call Failed", "City": "jiddah", "Country": "SA", "Length (sec)": 29, "Network": "MOBILE"}, {"Date & Time": "2022-06-07 13:43:55 UTC", "Type": "AUDIO", "People in Chat": 2, "Result": "Call Succeeded", "City": "jiddah", "Country": "SA", "Length (sec)": 6, "Network": "MOBILE"}, {"Date & Time": "2022-06-06 20:12:04 UTC", "Type": "AUDIO", "People in Chat": 2, "Result": "Call Initiated", "City": "jiddah", "Country": "SA", "Length (sec)": 15, "Network": "MOBILE"}, {"Date & Time": "2022-06-06 15:59:59 UTC", "Type": "AUDIO", "People in Chat": 2, "Result": "Call Initiated", "City": "jiddah", "Country": "SA", "Length (sec)": 27, "Network": "WIFI"}, {"Date & Time": "2022-06-06 11:00:45 UTC", "Type": "AUDIO", "People in Chat": 2, "Result": "Call Initiated", "City": "jiddah", "Country": "SA", "Length (sec)": 13, "Network": "WIFI"}, {"Date & Time": "2022-06-06 10:46:21 UTC", "Type": "AUDIO", "People in Chat": 2, "Result": "Call Succeeded", "City": "jiddah", "Country": "SA", "Length (sec)": 4, "Network": "WIFI"}, {"Date & Time": "2022-06-06 10:45:16 UTC", "Type": "AUDIO", "People in Chat": 2, "Result": "Call Failed", "City": "jiddah", "Country": "SA", "Length (sec)": 2, "Network": "WIFI"}, {"Date & Time": "2022-06-05 19:13:52 UTC", "Type": "AUDIO", "People in Chat": 2, "Result": "Call Succeeded", "City": "jiddah", "Country": "SA", "Length (sec)": 6, "Network": "WIFI"}, {"Date & Time": "2022-06-05 07:13:41 UTC", "Type": "AUDIO", "People in Chat": 2, "Result": "Call Succeeded", "City": "jiddah", "Country": "SA", "Length (sec)": 11, "Network": "MOBILE"}, {"Date & Time": "2022-06-05 04:54:30 UTC", "Type": "AUDIO", "People in Chat": 2, "Result": "Call Succeeded", "City": "jiddah", "Country": "SA", "Length (sec)": 3, "Network": "WIFI"}, {"Date & Time": "2022-06-04 19:31:22 UTC", "Type": "AUDIO", "People in Chat": 2, "Result": "Call Succeeded", "City": "jiddah", "Country": "SA", "Length (sec)": 9, "Network": "WIFI"}, {"Date & Time": "2022-06-04 19:25:38 UTC", "Type": "AUDIO", "People in Chat": 2, "Result": "Call Failed", "City": "jiddah", "Country": "SA", "Length (sec)": 12, "Network": "WIFI"}, {"Date & Time": "2022-06-04 19:10:09 UTC", "Type": "VIDEO", "People in Chat": 2, "Result": "Call Succeeded", "City": "jiddah", "Country": "SA", "Length (sec)": 9, "Network": "WIFI"}, {"Date & Time": "2022-06-04 13:03:38 UTC", "Type": "AUDIO", "People in Chat": 2, "Result": "Call Initiated", "City": "jiddah", "Country": "SA", "Length (sec)": 16, "Network": "WIFI"}, {"Date & Time": "2022-06-04 12:56:49 UTC", "Type": "AUDIO", "People in Chat": 2, "Result": "Call Succeeded", "City": "jiddah", "Country": "SA", "Length (sec)": 2, "Network": "WIFI"}, {"Date & Time": "2022-06-04 12:55:26 UTC", "Type": "VIDEO", "People in Chat": 2, "Result": "Call Failed", "City": "jiddah", "Country": "SA", "Length (sec)": 15, "Network": "WIFI"}, {"Date & Time": "2022-06-04 12:24:18 UTC", "Type": "VIDEO", "People in Chat": 2, "Result": "Call Failed", "City": "jiddah", "Country": "SA", "Length (sec)": 11, "Network": "WIFI"}, {"Date & Time": "2022-06-03 19:03:39 UTC", "Type": "AUDIO", "People in Chat": 2, "Result": "Call Failed", "City": "jiddah", "Country": "SA", "Length (sec)": 14, "Network": "WIFI"}, {"Date & Time": "2022-06-03 16:37:11 UTC", "Type": "VIDEO", "People in Chat": 2, "Result": "Call Failed", "City": "jiddah", "Country": "SA", "Length (sec)": 19, "Network": "WIFI"}, {"Date & Time": "2022-06-03 13:21:08 UTC", "Type": "AUDIO", "People in Chat": 2, "Result": "Call Succeeded", "City": "jiddah", "Country": "SA", "Length (sec)": 7, "Network": "MOBILE"}, {"Date & Time": "2022-06-03 13:14:52 UTC", "Type": "AUDIO", "People in Chat": 2, "Result": "Call Failed", "City": "jiddah", "Country": "SA", "Length (sec)": 30, "Network": "MOBILE"}, {"Date & Time": "2022-06-02 20:00:20 UTC", "Type": "VIDEO", "People in Chat": 2, "Result": "Call Succeeded", "City": "jiddah", "Country": "SA", "Length (sec)": 6, "Network": "MOBILE"}, {"Date & Time": "2022-06-02 19:11:00 UTC", "Type": "AUDIO", "People in Chat": 2, "Result": "Call Failed", "City": "jiddah", "Country": "SA", "Length (sec)": 30, "Network": "MOBILE"}, {"Date & Time": "2022-06-02 19:10:25 UTC", "Type": "AUDIO", "People in Chat": 2, "Result": "Call Failed", "City": "jiddah", "Country": "SA", "Length (sec)": 12, "Network": "MOBILE"}, {"Date & Time": "2022-06-01 19:03:35 UTC", "Type": "AUDIO", "People in Chat": 2, "Result": "Call Succeeded", "City": "jiddah", "Country": "SA", "Length (sec)": 1, "Network": "MOBILE"}, {"Date & Time": "2022-06-01 19:03:23 UTC", "Type": "AUDIO", "People in Chat": 2, "Result": "Call Failed", "City": "jiddah", "Country": "SA", "Length (sec)": 2, "Network": "MOBILE"}, {"Date & Time": "2022-06-01 19:02:41 UTC", "Type": "AUDIO", "People in Chat": 2, "Result": "Call Succeeded", "City": "jiddah", "Country": "SA", "Length (sec)": 10, "Network": "MOBILE"}, {"Date & Time": "2022-05-31 15:56:18 UTC", "Type": "AUDIO", "People in Chat": 2, "Result": "Call Failed", "City": "jiddah", "Country": "SA", "Length (sec)": 30, "Network": "MOBILE"}, {"Date & Time": "2022-05-31 15:53:27 UTC", "Type": "AUDIO", "People in Chat": 2, "Result": "Call Failed", "City": "jiddah", "Country": "SA", "Length (sec)": 30, "Network": "MOBILE"}, {"Date & Time": "2022-05-31 15:50:39 UTC", "Type": "AUDIO", "People in Chat": 2, "Result": "Call Succeeded", "City": "jiddah", "Country": "SA", "Length (sec)": 7, "Network": "MOBILE"}, {"Date & Time": "2022-05-31 14:32:57 UTC", "Type": "AUDIO", "People in Chat": 2, "Result": "Call Succeeded", "City": "jiddah", "Country": "SA", "Length (sec)": 6, "Network": "MOBILE"}, {"Date & Time": "2022-05-31 06:21:26 UTC", "Type": "AUDIO", "People in Chat": 2, "Result": "Call Initiated", "City": "jiddah", "Country": "SA", "Length (sec)": 17, "Network": "MOBILE"}, {"Date & Time": "2022-05-31 05:56:56 UTC", "Type": "AUDIO", "People in Chat": 2, "Result": "Call Initiated", "City": "jiddah", "Country": "SA", "Length (sec)": 17, "Network": "MOBILE"}, {"Date & Time": "2022-05-31 03:59:37 UTC", "Type": "AUDIO", "People in Chat": 2, "Result": "Call Succeeded", "City": "jiddah", "Country": "SA", "Length (sec)": 2, "Network": "MOBILE"}, {"Date & Time": "2022-05-30 20:54:19 UTC", "Type": "AUDIO", "People in Chat": 2, "Result": "Call Initiated", "City": "jiddah", "Country": "SA", "Length (sec)": 26, "Network": "MOBILE"}, {"Date & Time": "2022-05-29 18:36:24 UTC", "Type": "AUDIO", "People in Chat": 0, "Result": "Call Initiated", "City": "jiddah", "Country": "SA", "Length (sec)": 11, "Network": "MOBILE"}, {"Date & Time": "2022-05-29 16:46:34 UTC", "Type": "AUDIO", "People in Chat": 2, "Result": "Call Failed", "City": "jiddah", "Country": "SA", "Length (sec)": 30, "Network": "MOBILE"}, {"Date & Time": "2022-05-29 13:52:58 UTC", "Type": "AUDIO", "People in Chat": 2, "Result": "Call Failed", "City": "jiddah", "Country": "SA", "Length (sec)": 30, "Network": "MOBILE"}, {"Date & Time": "2022-05-29 06:21:59 UTC", "Type": "AUDIO", "People in Chat": 2, "Result": "Call Failed", "City": "jiddah", "Country": "SA", "Length (sec)": 20, "Network": "MOBILE"}, {"Date & Time": "2022-05-29 06:19:25 UTC", "Type": "AUDIO", "People in Chat": 2, "Result": "Call Initiated", "City": "jiddah", "Country": "SA", "Length (sec)": 23, "Network": "MOBILE"}, {"Date & Time": "2022-05-29 06:18:48 UTC", "Type": "AUDIO", "People in Chat": 2, "Result": "Call Initiated", "City": "jiddah", "Country": "SA", "Length (sec)": 17, "Network": "MOBILE"}, {"Date & Time": "2022-05-29 06:17:11 UTC", "Type": "AUDIO", "People in Chat": 2, "Result": "Call Initiated", "City": "jiddah", "Country": "SA", "Length (sec)": 27, "Network": "MOBILE"}, {"Date & Time": "2022-05-29 06:13:24 UTC", "Type": "AUDIO", "People in Chat": 2, "Result": "Call Initiated", "City": "jiddah", "Country": "SA", "Length (sec)": 23, "Network": "MOBILE"}, {"Date & Time": "2022-05-29 05:00:16 UTC", "Type": "AUDIO", "People in Chat": 2, "Result": "Call Succeeded", "City": "jiddah", "Country": "SA", "Length (sec)": 1, "Network": "WIFI"}, {"Date & Time": "2022-05-28 15:29:15 UTC", "Type": "AUDIO", "People in Chat": 2, "Result": "Call Initiated", "City": "jiddah", "Country": "SA", "Length (sec)": 15, "Network": "MOBILE"}, {"Date & Time": "2022-05-27 21:03:20 UTC", "Type": "AUDIO", "People in Chat": 2, "Result": "Call Failed", "City": "jiddah", "Country": "SA", "Length (sec)": 9, "Network": "MOBILE"}, {"Date & Time": "2022-05-27 21:01:05 UTC", "Type": "AUDIO", "People in Chat": 2, "Result": "Call Initiated", "City": "jiddah", "Country": "SA", "Length (sec)": 30, "Network": "MOBILE"}, {"Date & Time": "2022-05-27 20:51:51 UTC", "Type": "AUDIO", "People in Chat": 2, "Result": "Call Failed", "City": "jiddah", "Country": "SA", "Length (sec)": 5, "Network": "MOBILE"}, {"Date & Time": "2022-05-27 20:51:08 UTC", "Type": "AUDIO", "People in Chat": 2, "Result": "Call Failed", "City": "jiddah", "Country": "SA", "Length (sec)": 15, "Network": "MOBILE"}, {"Date & Time": "2022-05-27 20:46:13 UTC", "Type": "AUDIO", "People in Chat": 2, "Result": "Call Succeeded", "City": "jiddah", "Country": "SA", "Length (sec)": 5, "Network": "MOBILE"}, {"Date & Time": "2022-05-27 18:08:12 UTC", "Type": "AUDIO", "People in Chat": 2, "Result": "Call Failed", "City": "jiddah", "Country": "SA", "Length (sec)": 21, "Network": "MOBILE"}, {"Date & Time": "2022-05-27 18:06:46 UTC", "Type": "AUDIO", "People in Chat": 2, "Result": "Call Initiated", "City": "jiddah", "Country": "SA", "Length (sec)": 29, "Network": "MOBILE"}, {"Date & Time": "2022-05-27 15:21:04 UTC", "Type": "AUDIO", "People in Chat": 2, "Result": "Call Failed", "City": "jiddah", "Country": "SA", "Length (sec)": 9, "Network": "MOBILE"}, {"Date & Time": "2022-05-27 14:05:12 UTC", "Type": "AUDIO", "People in Chat": 2, "Result": "Call Initiated", "City": "jiddah", "Country": "SA", "Length (sec)": 17, "Network": "MOBILE"}, {"Date & Time": "2022-05-26 20:45:02 UTC", "Type": "AUDIO", "People in Chat": 2, "Result": "Call Succeeded", "City": "jiddah", "Country": "SA", "Length (sec)": 12, "Network": "MOBILE"}, {"Date & Time": "2022-05-26 19:19:19 UTC", "Type": "VIDEO", "People in Chat": 2, "Result": "Call Initiated", "City": "jiddah", "Country": "SA", "Length (sec)": 8, "Network": "MOBILE"}, {"Date & Time": "2022-05-26 19:18:33 UTC", "Type": "VIDEO", "People in Chat": 2, "Result": "Call Failed", "City": "jiddah", "Country": "SA", "Length (sec)": 16, "Network": "MOBILE"}, {"Date & Time": "2022-05-26 19:00:10 UTC", "Type": "AUDIO", "People in Chat": 2, "Result": "Call Initiated", "City": "jiddah", "Country": "SA", "Length (sec)": 30, "Network": "MOBILE"}, {"Date & Time": "2022-05-26 15:58:40 UTC", "Type": "AUDIO", "People in Chat": 2, "Result": "Call Succeeded", "City": "jiddah", "Country": "SA", "Length (sec)": 2, "Network": "MOBILE"}, {"Date & Time": "2022-05-26 15:35:09 UTC", "Type": "AUDIO", "People in Chat": 2, "Result": "Call Failed", "City": "jiddah", "Country": "SA", "Length (sec)": 17, "Network": "MOBILE"}, {"Date & Time": "2022-05-26 15:34:23 UTC", "Type": "AUDIO", "People in Chat": 2, "Result": "Call Initiated", "City": "jiddah", "Country": "SA", "Length (sec)": 20, "Network": "MOBILE"}], "Incoming Calls": [{"Date & Time": "2022-06-24 07:49:20 UTC", "Type": "AUDIO", "People in Chat": 2, "Result": "Call Succeeded", "City": "jiddah", "Country": "SA", "Length (sec)": 8, "Network": "MOBILE"}, {"Date & Time": "2022-06-22 10:33:57 UTC", "Type": "AUDIO", "People in Chat": 2, "Result": "Call Failed", "City": "jiddah", "Country": "SA", "Length (sec)": 2, "Network": "MOBILE"}, {"Date & Time": "2022-06-22 06:23:38 UTC", "Type": "VIDEO", "People in Chat": 2, "Result": "Call Received", "City": "jiddah", "Country": "SA", "Length (sec)": 13, "Network": "MOBILE"}, {"Date & Time": "2022-06-21 15:44:10 UTC", "Type": "AUDIO", "People in Chat": 2, "Result": "Call Received", "City": "jiddah", "Country": "SA", "Length (sec)": 20, "Network": "MOBILE"}, {"Date & Time": "2022-06-21 08:47:56 UTC", "Type": "VIDEO", "People in Chat": 2, "Result": "Call Succeeded", "City": "jiddah", "Country": "SA", "Length (sec)": 8, "Network": "MOBILE"}, {"Date & Time": "2022-06-20 16:49:02 UTC", "Type": "AUDIO", "People in Chat": 2, "Result": "Call Received", "City": "jiddah", "Country": "SA", "Length (sec)": 27, "Network": "MOBILE"}, {"Date & Time": "2022-06-20 16:48:07 UTC", "Type": "AUDIO", "People in Chat": 2, "Result": "Call Received", "City": "jiddah", "Country": "SA", "Length (sec)": 28, "Network": "MOBILE"}, {"Date & Time": "2022-06-20 16:47:29 UTC", "Type": "AUDIO", "People in Chat": 2, "Result": "Call Received", "City": "jiddah", "Country": "SA", "Length (sec)": 26, "Network": "MOBILE"}, {"Date & Time": "2022-06-20 15:17:27 UTC", "Type": "AUDIO", "People in Chat": 2, "Result": "Call Succeeded", "City": "jiddah", "Country": "SA", "Length (sec)": 10, "Network": "MOBILE"}, {"Date & Time": "2022-06-20 14:25:18 UTC", "Type": "AUDIO", "People in Chat": 2, "Result": "Call Received", "City": "jiddah", "Country": "SA", "Length (sec)": 15, "Network": "MOBILE"}, {"Date & Time": "2022-06-20 12:03:56 UTC", "Type": "VIDEO", "People in Chat": 2, "Result": "Call Succeeded", "City": "jiddah", "Country": "SA", "Length (sec)": 4, "Network": "MOBILE"}, {"Date & Time": "2022-06-20 10:28:49 UTC", "Type": "VIDEO", "People in Chat": 2, "Result": "Call Succeeded", "City": "jiddah", "Country": "SA", "Length (sec)": 1, "Network": "MOBILE"}, {"Date & Time": "2022-06-19 10:35:48 UTC", "Type": "AUDIO", "People in Chat": 2, "Result": "Call Succeeded", "City": "jiddah", "Country": "SA", "Length (sec)": 4, "Network": "MOBILE"}, {"Date & Time": "2022-06-19 08:15:40 UTC", "Type": "AUDIO", "People in Chat": 2, "Result": "Call Failed", "City": "jiddah", "Country": "SA", "Length (sec)": 14, "Network": "MOBILE"}, {"Date & Time": "2022-06-19 08:07:58 UTC", "Type": "AUDIO", "People in Chat": 2, "Result": "Call Received", "City": "jiddah", "Country": "SA", "Length (sec)": 29, "Network": "MOBILE"}, {"Date & Time": "2022-06-17 19:04:47 UTC", "Type": "AUDIO", "People in Chat": 2, "Result": "Call Received", "City": "jiddah", "Country": "SA", "Length (sec)": 24, "Network": "MOBILE"}, {"Date & Time": "2022-06-15 09:49:22 UTC", "Type": "AUDIO", "People in Chat": 2, "Result": "Call Received", "City": "jiddah", "Country": "SA", "Length (sec)": 9, "Network": "MOBILE"}, {"Date & Time": "2022-06-15 08:52:11 UTC", "Type": "AUDIO", "People in Chat": 2, "Result": "Call Received", "City": "jiddah", "Country": "SA", "Length (sec)": 29, "Network": "MOBILE"}, {"Date & Time": "2022-06-15 08:37:29 UTC", "Type": "AUDIO", "People in Chat": 2, "Result": "Call Received", "City": "jiddah", "Country": "SA", "Length (sec)": 22, "Network": "MOBILE"}, {"Date & Time": "2022-06-14 17:19:41 UTC", "Type": "VIDEO", "People in Chat": 2, "Result": "Call Received", "City": "jiddah", "Country": "SA", "Length (sec)": 20, "Network": "MOBILE"}, {"Date & Time": "2022-06-14 16:22:15 UTC", "Type": "AUDIO", "People in Chat": 2, "Result": "Call Received", "City": "jiddah", "Country": "SA", "Length (sec)": 27, "Network": "MOBILE"}, {"Date & Time": "2022-06-12 10:10:59 UTC", "Type": "AUDIO", "People in Chat": 2, "Result": "Call Received", "City": "jiddah", "Country": "SA", "Length (sec)": 30, "Network": "MOBILE"}, {"Date & Time": "2022-06-11 23:19:19 UTC", "Type": "AUDIO", "People in Chat": 2, "Result": "Call Received", "City": "jiddah", "Country": "SA", "Length (sec)": 30, "Network": "MOBILE"}, {"Date & Time": "2022-06-10 23:29:59 UTC", "Type": "AUDIO", "People in Chat": 2, "Result": "Call Received", "City": "jiddah", "Country": "SA", "Length (sec)": 4, "Network": "MOBILE"}, {"Date & Time": "2022-06-10 23:28:52 UTC", "Type": "AUDIO", "People in Chat": 2, "Result": "Call Received", "City": "jiddah", "Country": "SA", "Length (sec)": 27, "Network": "MOBILE"}, {"Date & Time": "2022-06-10 23:27:27 UTC", "Type": "AUDIO", "People in Chat": 2, "Result": "Call Received", "City": "jiddah", "Country": "SA", "Length (sec)": 16, "Network": "MOBILE"}, {"Date & Time": "2022-06-09 20:45:19 UTC", "Type": "AUDIO", "People in Chat": 2, "Result": "Call Received", "City": "jiddah", "Country": "SA", "Length (sec)": 28, "Network": "MOBILE"}, {"Date & Time": "2022-06-09 12:25:15 UTC", "Type": "AUDIO", "People in Chat": 2, "Result": "Call Received", "City": "jiddah", "Country": "SA", "Length (sec)": 2, "Network": "MOBILE"}, {"Date & Time": "2022-06-08 19:18:16 UTC", "Type": "AUDIO", "People in Chat": 2, "Result": "Call Received", "City": "jiddah", "Country": "SA", "Length (sec)": 23, "Network": "MOBILE"}, {"Date & Time": "2022-06-08 08:01:18 UTC", "Type": "AUDIO", "People in Chat": 2, "Result": "Call Received", "City": "jiddah", "Country": "SA", "Length (sec)": 26, "Network": "MOBILE"}, {"Date & Time": "2022-06-06 11:01:51 UTC", "Type": "AUDIO", "People in Chat": 2, "Result": "Call Succeeded", "City": "jiddah", "Country": "SA", "Length (sec)": 2, "Network": "WIFI"}, {"Date & Time": "2022-06-06 10:46:06 UTC", "Type": "AUDIO", "People in Chat": 2, "Result": "Call Received", "City": "jiddah", "Country": "SA", "Length (sec)": 28, "Network": "WIFI"}, {"Date & Time": "2022-06-05 07:10:07 UTC", "Type": "AUDIO", "People in Chat": 2, "Result": "Call Received", "City": "jiddah", "Country": "SA", "Length (sec)": 26, "Network": "MOBILE"}, {"Date & Time": "2022-06-05 04:53:31 UTC", "Type": "AUDIO", "People in Chat": 2, "Result": "Call Received", "City": "jiddah", "Country": "SA", "Length (sec)": 8, "Network": "WIFI"}, {"Date & Time": "2022-06-04 12:56:14 UTC", "Type": "AUDIO", "People in Chat": 2, "Result": "Call Succeeded", "City": "jiddah", "Country": "SA", "Length (sec)": 19, "Network": "WIFI"}, {"Date & Time": "2022-06-03 16:37:24 UTC", "Type": "AUDIO", "People in Chat": 2, "Result": "Call Succeeded", "City": "jiddah", "Country": "SA", "Length (sec)": 2, "Network": "WIFI"}, {"Date & Time": "2022-06-03 16:37:24 UTC", "Type": "AUDIO", "People in Chat": 2, "Result": "Call Succeeded", "City": "jiddah", "Country": "SA", "Length (sec)": 2, "Network": "WIFI"}, {"Date & Time": "2022-06-03 03:33:54 UTC", "Type": "AUDIO", "People in Chat": 2, "Result": "Call Received", "City": "jiddah", "Country": "SA", "Length (sec)": 30, "Network": "MOBILE"}, {"Date & Time": "2022-06-02 19:59:37 UTC", "Type": "AUDIO", "People in Chat": 2, "Result": "Call Received", "City": "jiddah", "Country": "SA", "Length (sec)": 29, "Network": "MOBILE"}, {"Date & Time": "2022-06-02 19:13:26 UTC", "Type": "AUDIO", "People in Chat": 2, "Result": "Call Succeeded", "City": "jiddah", "Country": "SA", "Length (sec)": 10, "Network": "MOBILE"}, {"Date & Time": "2022-06-02 19:09:58 UTC", "Type": "AUDIO", "People in Chat": 2, "Result": "Call Received", "City": "jiddah", "Country": "SA", "Length (sec)": 12, "Network": "MOBILE"}, {"Date & Time": "2022-06-02 05:56:45 UTC", "Type": "AUDIO", "People in Chat": 2, "Result": "Call Succeeded", "City": "jiddah", "Country": "SA", "Length (sec)": 5, "Network": "MOBILE"}, {"Date & Time": "2022-06-02 03:18:46 UTC", "Type": "AUDIO", "People in Chat": 2, "Result": "Call Received", "City": "jiddah", "Country": "SA", "Length (sec)": 7, "Network": "MOBILE"}, {"Date & Time": "2022-06-01 19:01:27 UTC", "Type": "AUDIO", "People in Chat": 2, "Result": "Call Succeeded", "City": "jiddah", "Country": "SA", "Length (sec)": 7, "Network": "MOBILE"}, {"Date & Time": "2022-06-01 11:58:51 UTC", "Type": "VIDEO", "People in Chat": 2, "Result": "Call Succeeded", "City": "jiddah", "Country": "SA", "Length (sec)": 2, "Network": "MOBILE"}, {"Date & Time": "2022-05-31 17:52:40 UTC", "Type": "AUDIO", "People in Chat": 2, "Result": "Call Succeeded", "City": "jiddah", "Country": "SA", "Length (sec)": 6, "Network": "MOBILE"}, {"Date & Time": "2022-05-31 15:55:37 UTC", "Type": "AUDIO", "People in Chat": 2, "Result": "Call Failed", "City": "jiddah", "Country": "SA", "Length (sec)": 5, "Network": "MOBILE"}, {"Date & Time": "2022-05-30 20:45:39 UTC", "Type": "AUDIO", "People in Chat": 2, "Result": "Call Received", "City": "jiddah", "Country": "SA", "Length (sec)": 12, "Network": "MOBILE"}, {"Date & Time": "2022-05-30 17:22:39 UTC", "Type": "AUDIO", "People in Chat": 2, "Result": "Call Received", "City": "jiddah", "Country": "SA", "Length (sec)": 27, "Network": "MOBILE"}, {"Date & Time": "2022-05-29 17:05:59 UTC", "Type": "AUDIO", "People in Chat": 2, "Result": "Call Succeeded", "City": "jiddah", "Country": "SA", "Length (sec)": 4, "Network": "MOBILE"}, {"Date & Time": "2022-05-29 16:55:04 UTC", "Type": "AUDIO", "People in Chat": 2, "Result": "Call Succeeded", "City": "jiddah", "Country": "SA", "Length (sec)": 11, "Network": "MOBILE"}, {"Date & Time": "2022-05-29 16:25:37 UTC", "Type": "AUDIO", "People in Chat": 2, "Result": "Call Succeeded", "City": "jiddah", "Country": "SA", "Length (sec)": 2, "Network": "MOBILE"}, {"Date & Time": "2022-05-29 14:19:55 UTC", "Type": "AUDIO", "People in Chat": 2, "Result": "Call Succeeded", "City": "jiddah", "Country": "SA", "Length (sec)": 2, "Network": "MOBILE"}, {"Date & Time": "2022-05-29 13:41:49 UTC", "Type": "AUDIO", "People in Chat": 2, "Result": "Call Received", "City": "jiddah", "Country": "SA", "Length (sec)": 15, "Network": "MOBILE"}, {"Date & Time": "2022-05-26 22:49:23 UTC", "Type": "AUDIO", "People in Chat": 2, "Result": "Call Succeeded", "City": "jiddah", "Country": "SA", "Length (sec)": 14, "Network": "MOBILE"}, {"Date & Time": "2022-05-26 22:44:34 UTC", "Type": "AUDIO", "People in Chat": 2, "Result": "Call Succeeded", "City": "jiddah", "Country": "SA", "Length (sec)": 6, "Network": "MOBILE"}, {"Date & Time": "2022-05-26 22:03:51 UTC", "Type": "AUDIO", "People in Chat": 2, "Result": "Call Succeeded", "City": "jiddah", "Country": "SA", "Length (sec)": 7, "Network": "MOBILE"}, {"Date & Time": "2022-05-26 22:03:12 UTC", "Type": "AUDIO", "People in Chat": 2, "Result": "Call Received", "City": "jiddah", "Country": "SA", "Length (sec)": 22, "Network": "MOBILE"}, {"Date & Time": "2022-05-26 20:42:31 UTC", "Type": "AUDIO", "People in Chat": 2, "Result": "Call Received", "City": "jiddah", "Country": "SA", "Length (sec)": 14, "Network": "MOBILE"}, {"Date & Time": "2022-05-26 15:58:29 UTC", "Type": "AUDIO", "People in Chat": 2, "Result": "Call Received", "City": "jiddah", "Country": "SA", "Length (sec)": 12, "Network": "MOBILE"}], "Completed Calls": [{"Date & Time": "2022-06-24 07:49:43 UTC", "Type": "AUDIO", "People in Chat": 2, "City": "jiddah", "Country": "SA", "Length (sec)": 23, "Network": "MOBILE"}, {"Date & Time": "2022-06-23 10:30:11 UTC", "Type": "AUDIO", "People in Chat": 2, "City": "jiddah", "Country": "SA", "Length (sec)": 127, "Network": "MOBILE"}, {"Date & Time": "2022-06-22 06:26:29 UTC", "Type": "VIDEO", "People in Chat": 2, "City": "jiddah", "Country": "SA", "Length (sec)": 71, "Network": "MOBILE"}, {"Date & Time": "2022-06-21 08:49:22 UTC", "Type": "VIDEO", "People in Chat": 2, "City": "jiddah", "Country": "SA", "Length (sec)": 86, "Network": "MOBILE"}, {"Date & Time": "2022-06-20 16:52:29 UTC", "Type": "AUDIO", "People in Chat": 2, "City": "jiddah", "Country": "SA", "Length (sec)": 38, "Network": "MOBILE"}, {"Date & Time": "2022-06-20 15:23:11 UTC", "Type": "AUDIO", "People in Chat": 2, "City": "jiddah", "Country": "SA", "Length (sec)": 344, "Network": "MOBILE"}, {"Date & Time": "2022-06-20 14:50:31 UTC", "Type": "AUDIO", "People in Chat": 2, "City": "jiddah", "Country": "SA", "Length (sec)": 523, "Network": "MOBILE"}, {"Date & Time": "2022-06-20 14:11:17 UTC", "Type": "AUDIO", "People in Chat": 2, "City": "jiddah", "Country": "SA", "Length (sec)": 564, "Network": "MOBILE"}, {"Date & Time": "2022-06-20 12:25:27 UTC", "Type": "VIDEO", "People in Chat": 2, "City": "jiddah", "Country": "SA", "Length (sec)": 1270, "Network": "MOBILE"}, {"Date & Time": "2022-06-20 12:04:02 UTC", "Type": "VIDEO", "People in Chat": 2, "City": "jiddah", "Country": "SA", "Length (sec)": 5, "Network": "MOBILE"}, {"Date & Time": "2022-06-20 10:45:15 UTC", "Type": "AUDIO", "People in Chat": 2, "City": "jiddah", "Country": "SA", "Length (sec)": 887, "Network": "MOBILE"}, {"Date & Time": "2022-06-20 10:29:56 UTC", "Type": "VIDEO", "People in Chat": 2, "City": "jiddah", "Country": "SA", "Length (sec)": 66, "Network": "MOBILE"}, {"Date & Time": "2022-06-20 10:28:41 UTC", "Type": "AUDIO", "People in Chat": 2, "City": "jiddah", "Country": "SA", "Length (sec)": 100, "Network": "MOBILE"}, {"Date & Time": "2022-06-19 11:07:39 UTC", "Type": "AUDIO", "People in Chat": 2, "City": "jiddah", "Country": "SA", "Length (sec)": 1911, "Network": "MOBILE"}, {"Date & Time": "2022-06-17 19:50:28 UTC", "Type": "VIDEO", "People in Chat": 2, "City": "jiddah", "Country": "SA", "Length (sec)": 133, "Network": "MOBILE"}, {"Date & Time": "2022-06-17 19:10:09 UTC", "Type": "AUDIO", "People in Chat": 2, "City": "jiddah", "Country": "SA", "Length (sec)": 46, "Network": "MOBILE"}, {"Date & Time": "2022-06-15 18:11:19 UTC", "Type": "AUDIO", "People in Chat": 2, "City": "jiddah", "Country": "SA", "Length (sec)": 37, "Network": "MOBILE"}, {"Date & Time": "2022-06-15 10:03:18 UTC", "Type": "AUDIO", "People in Chat": 2, "City": "jiddah", "Country": "SA", "Length (sec)": 63, "Network": "MOBILE"}, {"Date & Time": "2022-06-15 09:14:31 UTC", "Type": "AUDIO", "People in Chat": 2, "City": "jiddah", "Country": "SA", "Length (sec)": 35, "Network": "MOBILE"}, {"Date & Time": "2022-06-15 09:14:12 UTC", "Type": "AUDIO", "People in Chat": 2, "City": "jiddah", "Country": "SA", "Length (sec)": 35, "Network": "MOBILE"}, {"Date & Time": "2022-06-15 08:58:03 UTC", "Type": "AUDIO", "People in Chat": 2, "City": "jiddah", "Country": "SA", "Length (sec)": 63, "Network": "MOBILE"}, {"Date & Time": "2022-06-15 08:56:41 UTC", "Type": "AUDIO", "People in Chat": 2, "City": "jiddah", "Country": "SA", "Length (sec)": 33, "Network": "MOBILE"}, {"Date & Time": "2022-06-15 08:45:25 UTC", "Type": "VIDEO", "People in Chat": 2, "City": "jiddah", "Country": "SA", "Length (sec)": 23, "Network": "MOBILE"}, {"Date & Time": "2022-06-15 04:50:21 UTC", "Type": "VIDEO", "People in Chat": 2, "City": "jiddah", "Country": "SA", "Length (sec)": 56, "Network": "MOBILE"}, {"Date & Time": "2022-06-14 16:33:27 UTC", "Type": "AUDIO", "People in Chat": 2, "City": "jiddah", "Country": "SA", "Length (sec)": 67, "Network": "MOBILE"}, {"Date & Time": "2022-06-10 21:46:30 UTC", "Type": "AUDIO", "People in Chat": 2, "City": "jiddah", "Country": "SA", "Length (sec)": 90, "Network": "MOBILE"}, {"Date & Time": "2022-06-09 21:07:45 UTC", "Type": "AUDIO", "People in Chat": 2, "City": "jiddah", "Country": "SA", "Length (sec)": 33, "Network": "MOBILE"}, {"Date & Time": "2022-06-08 19:00:22 UTC", "Type": "AUDIO", "People in Chat": 2, "City": "jiddah", "Country": "SA", "Length (sec)": 0, "Network": "MOBILE"}, {"Date & Time": "2022-06-08 18:49:43 UTC", "Type": "AUDIO", "People in Chat": 2, "City": "jiddah", "Country": "SA", "Length (sec)": 93, "Network": "MOBILE"}, {"Date & Time": "2022-06-08 08:03:07 UTC", "Type": "AUDIO", "People in Chat": 2, "City": "jiddah", "Country": "SA", "Length (sec)": 8, "Network": "MOBILE"}, {"Date & Time": "2022-06-07 13:46:16 UTC", "Type": "AUDIO", "People in Chat": 2, "City": "jiddah", "Country": "SA", "Length (sec)": 153, "Network": "MOBILE"}, {"Date & Time": "2022-06-06 11:03:00 UTC", "Type": "AUDIO", "People in Chat": 2, "City": "jiddah", "Country": "SA", "Length (sec)": 68, "Network": "WIFI"}, {"Date & Time": "2022-06-06 10:46:40 UTC", "Type": "AUDIO", "People in Chat": 2, "City": "jiddah", "Country": "SA", "Length (sec)": 18, "Network": "WIFI"}, {"Date & Time": "2022-06-05 19:14:04 UTC", "Type": "AUDIO", "People in Chat": 2, "City": "jiddah", "Country": "SA", "Length (sec)": 11, "Network": "WIFI"}, {"Date & Time": "2022-06-05 07:14:37 UTC", "Type": "AUDIO", "People in Chat": 2, "City": "jiddah", "Country": "SA", "Length (sec)": 56, "Network": "MOBILE"}, {"Date & Time": "2022-06-05 04:54:49 UTC", "Type": "AUDIO", "People in Chat": 2, "City": "jiddah", "Country": "SA", "Length (sec)": 19, "Network": "MOBILE"}, {"Date & Time": "2022-06-04 19:31:59 UTC", "Type": "AUDIO", "People in Chat": 2, "City": "jiddah", "Country": "SA", "Length (sec)": 36, "Network": "WIFI"}, {"Date & Time": "2022-06-04 19:14:13 UTC", "Type": "VIDEO", "People in Chat": 2, "City": "jiddah", "Country": "SA", "Length (sec)": 243, "Network": "WIFI"}, {"Date & Time": "2022-06-04 13:02:46 UTC", "Type": "AUDIO", "People in Chat": 2, "City": "jiddah", "Country": "SA", "Length (sec)": 357, "Network": "WIFI"}, {"Date & Time": "2022-06-04 12:56:45 UTC", "Type": "AUDIO", "People in Chat": 2, "City": "jiddah", "Country": "SA", "Length (sec)": 30, "Network": "WIFI"}, {"Date & Time": "2022-06-03 16:40:32 UTC", "Type": "AUDIO", "People in Chat": 2, "City": "jiddah", "Country": "SA", "Length (sec)": 188, "Network": "WIFI"}, {"Date & Time": "2022-06-03 16:40:32 UTC", "Type": "AUDIO", "People in Chat": 2, "City": "jiddah", "Country": "SA", "Length (sec)": 188, "Network": "WIFI"}, {"Date & Time": "2022-06-03 13:21:27 UTC", "Type": "AUDIO", "People in Chat": 2, "City": "jiddah", "Country": "SA", "Length (sec)": 19, "Network": "MOBILE"}, {"Date & Time": "2022-06-02 20:04:29 UTC", "Type": "VIDEO", "People in Chat": 2, "City": "jiddah", "Country": "SA", "Length (sec)": 249, "Network": "MOBILE"}, {"Date & Time": "2022-06-02 19:18:11 UTC", "Type": "AUDIO", "People in Chat": 2, "City": "jiddah", "Country": "SA", "Length (sec)": 284, "Network": "MOBILE"}, {"Date & Time": "2022-06-02 05:59:29 UTC", "Type": "AUDIO", "People in Chat": 2, "City": "jiddah", "Country": "SA", "Length (sec)": 164, "Network": "MOBILE"}, {"Date & Time": "2022-06-01 19:03:54 UTC", "Type": "AUDIO", "People in Chat": 2, "City": "jiddah", "Country": "SA", "Length (sec)": 18, "Network": "MOBILE"}, {"Date & Time": "2022-06-01 19:03:00 UTC", "Type": "AUDIO", "People in Chat": 2, "City": "jiddah", "Country": "SA", "Length (sec)": 18, "Network": "MOBILE"}, {"Date & Time": "2022-06-01 19:02:09 UTC", "Type": "AUDIO", "People in Chat": 2, "City": "jiddah", "Country": "SA", "Length (sec)": 42, "Network": "MOBILE"}, {"Date & Time": "2022-06-01 12:01:21 UTC", "Type": "VIDEO", "People in Chat": 2, "City": "jiddah", "Country": "SA", "Length (sec)": 150, "Network": "MOBILE"}, {"Date & Time": "2022-05-31 17:59:43 UTC", "Type": "AUDIO", "People in Chat": 2, "City": "jiddah", "Country": "SA", "Length (sec)": 422, "Network": "MOBILE"}, {"Date & Time": "2022-05-31 15:51:10 UTC", "Type": "AUDIO", "People in Chat": 2, "City": "jiddah", "Country": "SA", "Length (sec)": 31, "Network": "MOBILE"}, {"Date & Time": "2022-05-31 14:37:34 UTC", "Type": "AUDIO", "People in Chat": 2, "City": "jiddah", "Country": "SA", "Length (sec)": 277, "Network": "MOBILE"}, {"Date & Time": "2022-05-31 04:08:15 UTC", "Type": "AUDIO", "People in Chat": 2, "City": "jiddah", "Country": "SA", "Length (sec)": 518, "Network": "MOBILE"}, {"Date & Time": "2022-05-29 17:07:04 UTC", "Type": "AUDIO", "People in Chat": 2, "City": "jiddah", "Country": "SA", "Length (sec)": 64, "Network": "MOBILE"}, {"Date & Time": "2022-05-29 16:59:07 UTC", "Type": "AUDIO", "People in Chat": 2, "City": "jiddah", "Country": "SA", "Length (sec)": 242, "Network": "MOBILE"}, {"Date & Time": "2022-05-29 16:40:38 UTC", "Type": "AUDIO", "People in Chat": 2, "City": "jiddah", "Country": "SA", "Length (sec)": 900, "Network": "MOBILE"}, {"Date & Time": "2022-05-29 14:35:53 UTC", "Type": "AUDIO", "People in Chat": 2, "City": "jiddah", "Country": "SA", "Length (sec)": 957, "Network": "MOBILE"}, {"Date & Time": "2022-05-29 05:01:28 UTC", "Type": "AUDIO", "People in Chat": 2, "City": "jiddah", "Country": "SA", "Length (sec)": 76, "Network": "WIFI"}, {"Date & Time": "2022-05-27 20:46:42 UTC", "Type": "AUDIO", "People in Chat": 2, "City": "jiddah", "Country": "SA", "Length (sec)": 29, "Network": "MOBILE"}, {"Date & Time": "2022-05-26 22:52:00 UTC", "Type": "AUDIO", "People in Chat": 2, "City": "jiddah", "Country": "SA", "Length (sec)": 156, "Network": "MOBILE"}, {"Date & Time": "2022-05-26 22:45:13 UTC", "Type": "AUDIO", "People in Chat": 2, "City": "jiddah", "Country": "SA", "Length (sec)": 38, "Network": "MOBILE"}, {"Date & Time": "2022-05-26 22:04:14 UTC", "Type": "AUDIO", "People in Chat": 2, "City": "jiddah", "Country": "SA", "Length (sec)": 23, "Network": "MOBILE"}, {"Date & Time": "2022-05-26 20:46:09 UTC", "Type": "AUDIO", "People in Chat": 2, "City": "jiddah", "Country": "SA", "Length (sec)": 66, "Network": "MOBILE"}, {"Date & Time": "2022-05-26 15:59:37 UTC", "Type": "AUDIO", "People in Chat": 2, "City": "jiddah", "Country": "SA", "Length (sec)": 57, "Network": "MOBILE"}], "Chat Sessions": [{"Date & Time": "2022-05-29 05:00:14 UTC", "People in Chat": 2, "People available": 1, "City": "jiddah", "Country": "SA", "Length (sec)": 3, "Network": ""}], "Game Sessions": []}