{"Snap Inc. Terms of Service": [{"Version": "Snap Terms of Service - February 18, 2019", "Acceptance Date": "2019-02-27 19:18:19 UTC"}, {"Version": "Snap Privacy Policy &amp; Terms of Service - September 26, 2016", "Acceptance Date": "2016-10-02 00:31:20 UTC"}, {"Version": "Snap Privacy Policy &amp; Terms of Service - September 26, 2017", "Acceptance Date": "2017-09-28 08:36:13 UTC"}, {"Version": "Snap Privacy Policy &amp; Terms of Service - September 30, 2019", "Acceptance Date": "2019-10-02 23:38:36 UTC"}, {"Version": "Snap Privacy Policy &amp; Terms of Service - September 30, 2021", "Acceptance Date": "2021-09-05 06:31:59 UTC"}, {"Version": "Snap Privacy Policy &amp; Terms of Service - January 10, 2017", "Acceptance Date": "2017-01-11 22:21:16 UTC"}, {"Version": "Snap Terms of Service &amp; Privacy Policy - November 15, 2021", "Acceptance Date": "2021-12-12 06:59:27 UTC"}, {"Version": "Memories Terms of Service", "Acceptance Date": "2016-10-12 18:22:05 UTC"}], "Custom Creative Tools Terms": [], "Business Services Terms": [], "Games Terms": [{"Name": "Untitled Game Privacy Policy &amp; Terms of Service", "Acceptance Date": "2019-12-30 19:55:26 UTC"}, {"Name": "Flip the Egg Privacy Policy &amp; Terms of Service", "Acceptance Date": "2020-01-26 23:43:09 UTC"}]}