{"App Profile": {"Country": "SA", "Creation Time": "2016-10-02 00:31:19 UTC", "Account Creation Country": "SA", "Platform Version": "IOS", "In-app Language": "ar"}, "Demographics": {"Cohort Age": "AGE_25_TO_34", "Derived Ad Demographic": "MALE"}, "Subscriptions": [], "Engagement": [{"Event": "Story Views", "Occurrences": 447}, {"Event": "Geolens Swipes", "Occurrences": 13}, {"Event": "Direct Snaps Created", "Occurrences": 339}, {"Event": "Chats Sent", "Occurrences": 1257}, {"Event": "Discover Snap Views", "Occurrences": 75}, {"Event": "Snap Sends", "Occurrences": 80}, {"Event": "Snaps Posted to Story", "Occurrences": 157}, {"Event": "Discover Editions Viewed", "Occurrences": 5}, {"Event": "Story Ads Viewed", "Occurrences": 895}, {"Event": "Application Opens", "Occurrences": 1819}, {"Event": "Geofilter Snaps Posted to Story", "Occurrences": 23}, {"Event": "Snaps Viewed in a Story", "Occurrences": 7835}, {"Event": "Geofilter Story Snaps Viewed", "Occurrences": 3070}, {"Event": "Chats Viewed", "Occurrences": 1070}, {"Event": "Direct Snaps Viewed", "Occurrences": 218}, {"Event": "Snap Views", "Occurrences": 446}, {"Event": "Geofilter Swipes", "Occurrences": 392}, {"Event": "Geofilter Snap Sends", "Occurrences": 7}], "Discover Channels Viewed": [{"Channel Name": "5b149a05-aeb8-415a-834f-cd9e6d3ef2aa"}, {"Channel Name": "635bc855-1603-4018-8b7f-9e0add158148"}, {"Channel Name": "adb79508-ccee-48c7-bda4-faf1bd6aa2e7"}], "Breakdown of Time Spent on App": ["Camera: 3.14%", "Discover: 3.76%", "Map: 0.00%", "Memories: 0.73%", "Messaging: 6.47%", "Others: 85.57%", "Profile: 0.33%"], "Ads You Interacted With": [{"Advertiser Name": "Hakuna", "Date": "2021-07-04"}, {"Advertiser Name": "SinoInteractive", "Date": "2021-07-23"}, {"Advertiser Name": "SinoInteractive", "Date": "2021-10-23"}, {"Advertiser Name": "\u062f\u0631\u0647 \u0627\u0644\u0639\u0642\u0627\u0631\u064a\u0629", "Date": "2021-09-23"}, {"Advertiser Name": "Baidu (Hong Kong) Limited", "Date": "2021-10-22"}, {"Advertiser Name": "Ministry of Culture and Information", "Date": "2022-02-22"}, {"Advertiser Name": "Saudi Tourism Authority", "Date": "2022-02-22"}, {"Advertiser Name": "Old Spice", "Date": "2022-03-04"}, {"Advertiser Name": "Vega", "Date": "2022-03-24"}, {"Advertiser Name": "Philips OneBlade", "Date": "2022-04-28"}, {"Advertiser Name": "\u0623\u0645\u0631\u064a\u0643\u0627\u0646 \u0625\u064a\u062c\u0644 \u0623\u0648\u062a\u0641\u062a\u0631\u0632", "Date": "2022-04-28"}, {"Advertiser Name": "Jeeny", "Date": "2022-06-21"}], "Interest Categories": ["Hip-Hop Music Fans", "Rock Music Fans", "Business News Watchers", "News Watchers", "Frequent International Travelers", "Political News Watchers", "Worldly Travelers", "Celebrity News Watchers", "Parents & Family-Focused", "Techies & Gadget Fans - HEC", "Outdoor & Nature Enthusiasts", "Travel Enthusiasts - HEC", "Philanthropists", "Pet & Animal Lovers", "Console Gamers", "Frequent Travelers - HEC", "Talk Show Fans", "Fun Trivia & Quiz Fanatics - HEC", "Mobile Gamers - Casual", "Talent & Competition Show Fans", "PC Gamers", "Arts & Culture Mavens - HEC", "Burger Lovers", "Advocates & Activists - HEC", "Teen & Young Adult Genre Fans", "Math & Science Enthusiasts", "Sharp-Dressed Men", "Men's Lifestyle", "Concert & Festival Goers", "Music Fans", "Dance & Electronic Music Fans", "Oral Care Shoppers", "Pop Music Fans", "Indie & Alternative Music Fans", "Hockey Fans - HEC", "Women's Fashion Shoppers", "Snow Sport Enthusiasts - HEC", "Burger Lovers - HEC", "Coffee Lovers - HEC", "Pizza Lovers - HEC", "Fast Food Junkies", "Cooking Enthusiasts", "Gamers", "Vegans & Organic Foodies", "Console & PC Gamers", "Mobile Gamers", "Hipsters & Trendsetters", "Green Living Enthusiasts", "Fun Trivia & Quiz Fanatics", "Investors & Entrepreneurs", "Home Decoristas", "Sci-fi & Fantasy Fans - HEC", "Chat Fiction Enthusiasts", "Meme Watchers", "Fitness Enthusiasts - HEC", "Cycling Enthusiasts - HEC", "Advocates & Activists", "Cordcutters - HEC", "Drama Genre Fans - HEC", "Family Genre Fans - HEC", "Discount & Thrifty Shoppers", "Reality TV Fans", "Sci-fi & Fantasy Fans", "Romance & Rom-Com Fans", "Fitness Enthusiasts", "Superhero Film Fans", "Running Enthusiasts", "Cycling Enthusiasts", "Energy Drink Consumers", "Foodies", "Crime & Mystery Genre Fans - HEC", "Yoga Enthusiasts", "Indie & Foreign Film Fans - HEC", "Film & TV Fans - HEC", "Soft Drink Consumers", "Candy & Sweets Lovers", "Beachgoers & Surfers - HEC", "Pizza Lovers", "Coffee Lovers", "Mobile Gamers - Match", "Shopping Mall Shoppers", "Sneakerheads", "Comics & Animation Fans - HEC", "Theme Park Visitors", "Crypto Enthusiasts", "Cricket Fans", "World Music Fans", "Fashion & Style Gurus", "Indie & Foreign Film Fans", "Do-It-Yourselfers", "Crime & Mystery Genre Fans", "Action & Thriller Genre Fans", "Film & TV Fans", "Cordcutters", "Arts & Culture Mavens", "Adventure Seekers", "Comedy Fans", "Family Genre Fans", "Beachgoers & Surfers", "Music Fans - HEC", "Drama Genre Fans", "Automotive Enthusiasts", "Concert & Festival Goers - HEC", "Movie Theater Goers", "Horror Genre Fans", "Hipsters & Trendsetters - HEC", "Investors & Entrepreneurs - HEC", "Wellness & Healthy Lifestyle", "High Schoolers", "Travel Enthusiasts", "Techies & Gadget Fans", "Family Travelers", "Women's Lifestyle", "Frequent Travelers", "Automotive Shoppers", "Fast Food Junkies - HEC", "Gamers - HEC", "Money Minders", "Street Sport Enthusiasts", "Water Sport Enthusiasts", "Tennis & Racquet Enthusiasts", "Fight & Wrestling Fans", "College Football Fans", "Hockey Fans", "Golfers", "Olympics Enthusiasts", "Worldly Travelers - HEC", "Motor Sports Fans", "Frequent International Travelers - HEC", "Soccer Enthusiasts", "Shoppers - HEC", "Snow Sport Enthusiasts", "Cosmetics Shoppers", "Console Gamers - HEC", "Men's Fashion Shoppers", "PC Gamers - HEC", "Jewelry & Watch Shoppers", "American Football Fans - HEC", "Basketball Fans", "Baseball Fans", "Big Box Shoppers", "Shoppers", "Luxury Shoppers", "Department Store Shoppers", "Toy Shoppers", "Online Shoppers", "eSports Enthusiasts", "College Basketball Fans", "Sports Fans", "Mobile Gamers - Puzzles", "News Watchers - HEC", "American Football Fans", "Celebrity News Watchers - HEC", "Outdoor & Nature Enthusiasts - HEC", "Battle Combat & FPS Gamers", "Mobile Gamers - Trivia", "Pet & Animal Lovers - HEC", "Comics & Animation Fans", "Bookworms & Avid Readers", "Collegiates", "Clubbers & Party People", "Photographers"], "Geographic Information": [], "Interactions": {"Web Interactions": ["fordeal.com", "samsung.com", "iherb.com", "jawabkom.com", "apilak.com", "navarro.sa", "powerclean-store.com", "hejazoud.com", "deraahstore.com", "newcouponfree.com", "mini-ksa.com", "yoma.com.sa", "couponsclub.net", "spama.com", "fordeal.sa", "rozana360.com", "iphady.com", "eddy.com.sa", "adorawe.net", "athr.ae", "daraltamleek.com", "afafiabaya.com", "lens.me", "takafulcard.com", "6thstreet.com", "jeep-saudi.com", "petrominoffers.com", "citrusstv.com", "olymptrade.com", "ozone-pharmacy.com", "abyat.com", "gentooshop.com", "cloudstoresa.com", "arabianoud.com", "eyacleanpro.com", "tidal.com", "redbullmobile.sa", "sonata-bespokeperformance.com", "jkwf.org.sa", "stcpay.com.sa", "electronshop1.com", "newbalance.com", "redsea.com", "sayidaty.net", "hallzce.com", "mobily.com.sa", "extra.com", "starssmile.com", "powerstore.ws", "genesis.com", "musaed.sa", "saco-ksa.com", "offerstrendyy.com", "lozaat.com", "imooiebeauty.com", "nahdionline.com", "nissan-saudiarabia.com", "wallstreetenglish.edu.sa", "maccosmetics-sa.com", "njdisa.com", "turtusx.com", "academicsplus.us", "stc.com.sa", "carrefourksa.com", "infiniti-umapremium.com", "tashweeshagency.net", "jawabsale.com", "wtob-arbs.com", "sollisa.com", "maestropizza.com", "jwabukum.com", "dukanphone.com", "tjx.com", "cambly.com", "voucherek.com", "shein.com", "waveparfume.com", "palisade-saudi.com", "zain.com", "beverlyclinics.com", "snapchat.com", "topcoffee1.com", "khotwetkhair.net", "alaseel.com", "rahatystore.com", "noon.com", "sivvi.com", "karazlinen.com", "laywagif.com", "perfectmatch-sa.club", "voxcinemas.com", "com.sa", "maxfashion.com", "refee-sa.com", "aldaham.com", "cleanryonline.com", "petromin-nissan.com", "violettesa.com", "artsekai.com", "bankalbilad.com", "jawwy.sa", "petrominautocare.com", "meem.com", "mauinow-sa.com", "ashyaat.net", "estishara.me"], "App Interactions": ["https://itunes.apple.com/us/app/id1532750093", "https://itunes.apple.com/us/app/id1065781769", "https://itunes.apple.com/us/app/id587366035", "https://play.google.com/store/apps/details?id=com.lawson.tower", "https://itunes.apple.com/us/app/id1575341904", "https://play.google.com/store/apps/details?id=com.isl.stairrun", "https://itunes.apple.com/us/app/id284882215", "https://itunes.apple.com/us/app/id870092728", "https://itunes.apple.com/us/app/id662557215", "https://itunes.apple.com/us/app/id1445450568", "https://play.google.com/store/apps/details?id=com.zhiliaoapp.musically", "https://itunes.apple.com/us/app/id1212024125", "https://play.google.com/store/apps/details?id=com.masomo.headball2", "https://itunes.apple.com/us/app/id436672029", "https://play.google.com/store/apps/details?id=com.parkourrace.game", "https://itunes.apple.com/us/app/id835599320", "https://itunes.apple.com/us/app/id367003839", "https://itunes.apple.com/us/app/id1330123889", "https://play.google.com/store/apps/details?id=com.crazylabs.asmr.cut", "https://itunes.apple.com/us/app/id738897668", "https://itunes.apple.com/us/app/id1198143062", "https://itunes.apple.com/us/app/id808807355", "https://itunes.apple.com/us/app/id348177651", "https://itunes.apple.com/us/app/id372648912", "https://itunes.apple.com/us/app/id509987785", "https://itunes.apple.com/us/app/id1251790681", "https://play.google.com/store/apps/details?id=com.snapchat.android", "https://itunes.apple.com/us/app/id1538965141", "https://itunes.apple.com/us/app/id1269038866", "https://itunes.apple.com/us/app/id1201725025", "https://play.google.com/store/apps/details?id=com.amanotes.beathopper", "https://itunes.apple.com/us/app/id447188370", "https://itunes.apple.com/us/app/id1057844059", "https://play.google.com/store/apps/details?id=com.facebook.katana", "https://itunes.apple.com/us/app/id972558973", "https://play.google.com/store/apps/details?id=cacacat.wobble.man.upstairs", "https://itunes.apple.com/us/app/id1040038773", "https://play.google.com/store/apps/details?id=com.playgendary.kickthebuddy", "https://itunes.apple.com/us/app/id1378956601", "https://play.google.com/store/apps/details?id=com.playrix.gardenscapes", "https://itunes.apple.com/us/app/id1494827866", "https://play.google.com/store/apps/details?id=com.appstailors.berain", "https://play.google.com/store/apps/details?id=bike.hop.fall", "https://play.google.com/store/apps/details?id=com.deven.arrow3d", "https://itunes.apple.com/us/app/id1506750277", "https://play.google.com/store/apps/details?id=com.titan.cd.gb", "https://itunes.apple.com/us/app/id1549173991", "https://itunes.apple.com/us/app/id654456967", "https://play.google.com/store/apps/details?id=com.ubercab.driver", "https://play.google.com/store/apps/details?id=com.doll.ragdoll", "https://play.google.com/store/apps/details?id=com.mobily.activity", "https://itunes.apple.com/us/app/id1077137248", "https://itunes.apple.com/us/app/id1040093707", "https://itunes.apple.com/us/app/id1040047095", "https://itunes.apple.com/us/app/id1516149480", "https://itunes.apple.com/us/app/id1255135442", "https://itunes.apple.com/us/app/id1010631459", "https://itunes.apple.com/us/app/id1484622876", "https://itunes.apple.com/us/app/id1178701124", "https://play.google.com/store/apps/details?id=com.discord", "https://itunes.apple.com/us/app/id1483623707", "https://itunes.apple.com/us/app/id409838725", "https://play.google.com/store/apps/details?id=mobi.gameguru.slapkings", "https://itunes.apple.com/us/app/id1488782587", "https://itunes.apple.com/us/app/id1411869974", "https://itunes.apple.com/us/app/id1149994032", "https://play.google.com/store/apps/details?id=com.redforcegames.stack.colors", "https://itunes.apple.com/us/app/id596011949", "https://itunes.apple.com/us/app/id1498000122", "https://itunes.apple.com/us/app/id557997762", "https://itunes.apple.com/us/app/id443369807", "https://play.google.com/store/apps/details?id=com.tencent.ig"]}, "Off-Platform Sharing": [{"Share Destination": "Camera Roll", "Date": "2022-06-23 14:57:33 UTC", "Media Type": "Image", "Shared URL": ""}, {"Share Destination": "Camera Roll", "Date": "2022-06-23 14:45:35 UTC", "Media Type": "Image", "Shared URL": ""}, {"Share Destination": "Camera Roll", "Date": "2022-06-23 14:45:21 UTC", "Media Type": "Image", "Shared URL": ""}, {"Share Destination": "Camera Roll", "Date": "2022-06-23 14:43:13 UTC", "Media Type": "Image", "Shared URL": ""}, {"Share Destination": "Camera Roll", "Date": "2022-06-21 19:13:06 UTC", "Media Type": "Image", "Shared URL": ""}, {"Share Destination": "Camera Roll", "Date": "2022-06-21 16:06:35 UTC", "Media Type": "Image", "Shared URL": ""}, {"Share Destination": "Camera Roll", "Date": "2022-06-21 16:05:56 UTC", "Media Type": "Image", "Shared URL": ""}, {"Share Destination": "Camera Roll", "Date": "2022-06-20 18:44:18 UTC", "Media Type": "Image", "Shared URL": ""}, {"Share Destination": "Camera Roll", "Date": "2022-06-20 18:42:08 UTC", "Media Type": "Image", "Shared URL": ""}, {"Share Destination": "Camera Roll", "Date": "2022-06-20 18:41:52 UTC", "Media Type": "Image", "Shared URL": ""}, {"Share Destination": "Camera Roll", "Date": "2022-06-20 18:41:27 UTC", "Media Type": "Image", "Shared URL": ""}, {"Share Destination": "Camera Roll", "Date": "2022-06-20 09:39:42 UTC", "Media Type": "Image", "Shared URL": ""}, {"Share Destination": "Camera Roll", "Date": "2022-06-20 09:38:01 UTC", "Media Type": "Image", "Shared URL": ""}, {"Share Destination": "Copy Link to Clipboard", "Date": "2022-06-20 09:33:02 UTC", "Media Type": "None", "Shared URL": "https://story.snapchat.com/u/kbkheet2?share_id=OUUzQjZGRkEtQTYzQy00MUVFLUI5MkUtODVGMjQ5MTgwMTNC&locale=ar_US"}, {"Share Destination": "Copy Link to Clipboard", "Date": "2022-06-20 09:22:50 UTC", "Media Type": "None", "Shared URL": "https://story.snapchat.com/u/kbkheet2?share_id=OUI0NDk5NjQtRTU0Ni00NDQ2LUE0NTMtMzVEQjBEQTdBNDZB&locale=ar_US"}, {"Share Destination": "Camera Roll", "Date": "2022-06-20 09:20:50 UTC", "Media Type": "Image", "Shared URL": ""}, {"Share Destination": "Camera Roll", "Date": "2022-06-20 07:22:35 UTC", "Media Type": "Image", "Shared URL": ""}, {"Share Destination": "Camera Roll", "Date": "2022-06-20 07:16:59 UTC", "Media Type": "Image", "Shared URL": ""}, {"Share Destination": "Copy Link to Clipboard", "Date": "2022-06-19 20:31:18 UTC", "Media Type": "None", "Shared URL": "https://story.snapchat.com/u/kbkheet2?share_id=NzRBMUVGRTMtN0E0OC00NTJCLTk5NDktNEIzNDkzOTYxRDY0&locale=ar_US"}, {"Share Destination": "Camera Roll", "Date": "2022-06-18 23:11:06 UTC", "Media Type": "Image", "Shared URL": ""}, {"Share Destination": "Camera Roll", "Date": "2022-06-18 22:50:37 UTC", "Media Type": "Image", "Shared URL": ""}, {"Share Destination": "Camera Roll", "Date": "2022-06-13 22:14:01 UTC", "Media Type": "Video", "Shared URL": ""}, {"Share Destination": "Camera Roll", "Date": "2022-06-07 11:52:36 UTC", "Media Type": "Image", "Shared URL": ""}, {"Share Destination": "Camera Roll", "Date": "2022-06-07 11:47:37 UTC", "Media Type": "Image", "Shared URL": ""}, {"Share Destination": "Camera Roll", "Date": "2022-06-03 14:28:55 UTC", "Media Type": "Video", "Shared URL": ""}, {"Share Destination": "Camera Roll", "Date": "2022-06-02 03:14:14 UTC", "Media Type": "Image", "Shared URL": ""}, {"Share Destination": "Copy Link to Clipboard", "Date": "2022-06-01 21:33:22 UTC", "Media Type": "None", "Shared URL": "https://story.snapchat.com/u/kbkheet2?share_id=QTdBOUNFNjgtNUMzRS00OTc1LTlDRjAtNDA4OTcyQUMwMTA1&locale=ar_US"}, {"Share Destination": "Copy Link to Clipboard", "Date": "2022-06-01 21:33:22 UTC", "Media Type": "None", "Shared URL": "https://story.snapchat.com/u/kbkheet2?share_id=QTdBOUNFNjgtNUMzRS00OTc1LTlDRjAtNDA4OTcyQUMwMTA1&locale=ar_US"}, {"Share Destination": "Camera Roll", "Date": "2022-05-30 20:31:40 UTC", "Media Type": "Video", "Shared URL": ""}, {"Share Destination": "Camera Roll", "Date": "2022-05-27 17:01:19 UTC", "Media Type": "Video", "Shared URL": ""}, {"Share Destination": "Camera Roll", "Date": "2022-05-25 01:03:38 UTC", "Media Type": "Image", "Shared URL": ""}, {"Share Destination": "Camera Roll", "Date": "2022-05-25 01:03:11 UTC", "Media Type": "Image", "Shared URL": ""}, {"Share Destination": "Camera Roll", "Date": "2022-05-18 20:41:43 UTC", "Media Type": "Image", "Shared URL": ""}, {"Share Destination": "Camera Roll", "Date": "2022-05-18 20:39:04 UTC", "Media Type": "Image", "Shared URL": ""}, {"Share Destination": "Camera Roll", "Date": "2022-05-16 20:36:14 UTC", "Media Type": "Image", "Shared URL": ""}, {"Share Destination": "Camera Roll", "Date": "2022-05-16 20:36:04 UTC", "Media Type": "Image", "Shared URL": ""}, {"Share Destination": "Camera Roll", "Date": "2022-05-15 18:29:13 UTC", "Media Type": "Image", "Shared URL": ""}, {"Share Destination": "Copy Link to Clipboard", "Date": "2022-05-14 17:39:49 UTC", "Media Type": "None", "Shared URL": "https://story.snapchat.com/u/kbkheet2?share_id=QjAzMzUzMzctMEJCRS00M0VDLThFQTctRTg3Rjg5REQyNTJB&locale=ar_US"}, {"Share Destination": "Camera Roll", "Date": "2022-05-13 13:29:00 UTC", "Media Type": "Image", "Shared URL": ""}, {"Share Destination": "Copy Link to Clipboard", "Date": "2022-05-13 06:46:22 UTC", "Media Type": "None", "Shared URL": "https://story.snapchat.com/u/kbkheet2?share_id=QjVFMUI0MkItRjM1MS00MzE3LThCRkUtQ0NFNzlDNzc2ODk4&locale=ar_US"}, {"Share Destination": "Camera Roll", "Date": "2022-05-10 17:06:26 UTC", "Media Type": "Video", "Shared URL": ""}, {"Share Destination": "Camera Roll", "Date": "2022-05-10 12:05:12 UTC", "Media Type": "Image", "Shared URL": ""}, {"Share Destination": "Camera Roll", "Date": "2022-05-10 12:03:09 UTC", "Media Type": "Image", "Shared URL": ""}, {"Share Destination": "Camera Roll", "Date": "2022-05-09 09:53:48 UTC", "Media Type": "Video", "Shared URL": ""}, {"Share Destination": "Camera Roll", "Date": "2022-05-09 09:52:18 UTC", "Media Type": "Image", "Shared URL": ""}, {"Share Destination": "Camera Roll", "Date": "2022-05-09 09:50:07 UTC", "Media Type": "Video", "Shared URL": ""}, {"Share Destination": "Camera Roll", "Date": "2022-05-09 09:49:25 UTC", "Media Type": "Video", "Shared URL": ""}, {"Share Destination": "Camera Roll", "Date": "2022-05-08 18:15:37 UTC", "Media Type": "Video", "Shared URL": ""}, {"Share Destination": "Camera Roll", "Date": "2022-05-08 18:15:10 UTC", "Media Type": "Video", "Shared URL": ""}, {"Share Destination": "Camera Roll", "Date": "2022-05-08 18:14:42 UTC", "Media Type": "Video", "Shared URL": ""}, {"Share Destination": "Camera Roll", "Date": "2022-05-05 12:13:52 UTC", "Media Type": "Image", "Shared URL": ""}, {"Share Destination": "Camera Roll", "Date": "2022-05-05 02:31:05 UTC", "Media Type": "Video", "Shared URL": ""}, {"Share Destination": "Camera Roll", "Date": "2022-05-03 19:09:48 UTC", "Media Type": "Video", "Shared URL": ""}, {"Share Destination": "Camera Roll", "Date": "2022-05-03 09:30:01 UTC", "Media Type": "Video", "Shared URL": ""}, {"Share Destination": "Camera Roll", "Date": "2022-05-03 09:22:07 UTC", "Media Type": "Image", "Shared URL": ""}, {"Share Destination": "Camera Roll", "Date": "2022-05-03 09:13:08 UTC", "Media Type": "Video", "Shared URL": ""}, {"Share Destination": "Camera Roll", "Date": "2022-05-03 00:19:07 UTC", "Media Type": "Image", "Shared URL": ""}, {"Share Destination": "Camera Roll", "Date": "2022-05-02 20:25:42 UTC", "Media Type": "Image", "Shared URL": ""}, {"Share Destination": "Camera Roll", "Date": "2022-05-02 05:05:40 UTC", "Media Type": "Image", "Shared URL": ""}, {"Share Destination": "Copy Link to Clipboard", "Date": "2022-05-02 04:48:06 UTC", "Media Type": "None", "Shared URL": "https://story.snapchat.com/u/kbkheet2?share_id=NUVFOEYwOUQtQUExNS00MkQxLUJDRkMtNDFEMTgyMTg2MjQy&locale=ar_US"}, {"Share Destination": "Copy Link to Clipboard", "Date": "2022-05-02 03:49:55 UTC", "Media Type": "None", "Shared URL": "https://story.snapchat.com/u/kbkheet2?share_id=MTg1QTE4OTItQzcwOC00NkQyLThEREMtQTVBMDM4NjM4M0Ez&locale=ar_US"}, {"Share Destination": "Camera Roll", "Date": "2022-05-02 00:12:21 UTC", "Media Type": "Video", "Shared URL": ""}, {"Share Destination": "Camera Roll", "Date": "2022-05-01 21:17:56 UTC", "Media Type": "Image", "Shared URL": ""}, {"Share Destination": "Camera Roll", "Date": "2022-05-01 20:36:55 UTC", "Media Type": "Video", "Shared URL": ""}, {"Share Destination": "Camera Roll", "Date": "2022-05-01 09:55:09 UTC", "Media Type": "Video", "Shared URL": ""}, {"Share Destination": "Camera Roll", "Date": "2022-04-30 23:21:48 UTC", "Media Type": "Video", "Shared URL": ""}, {"Share Destination": "Camera Roll", "Date": "2022-04-28 18:10:46 UTC", "Media Type": "Video", "Shared URL": ""}, {"Share Destination": "Copy Link to Clipboard", "Date": "2022-04-28 08:16:38 UTC", "Media Type": "None", "Shared URL": "https://story.snapchat.com/u/kbkheet2?share_id=MEEzQkE2NzgtMTUyOC00MDA2LUE3Q0YtNzA2NDE2QUJBQzA3&locale=ar_US"}, {"Share Destination": "Camera Roll", "Date": "2022-04-24 19:39:20 UTC", "Media Type": "Video", "Shared URL": ""}, {"Share Destination": "Copy Link to Clipboard", "Date": "2022-04-23 00:44:54 UTC", "Media Type": "None", "Shared URL": "https://story.snapchat.com/u/kbkheet2?share_id=RjU3RTY3MkQtNEFGOC00QUYzLTkxMkMtMjg4NDlEN0QzODQ2&locale=ar_US"}, {"Share Destination": "Camera Roll", "Date": "2022-04-22 22:37:22 UTC", "Media Type": "Video", "Shared URL": ""}, {"Share Destination": "Copy Link to Clipboard", "Date": "2022-04-21 05:02:40 UTC", "Media Type": "None", "Shared URL": "https://story.snapchat.com/u/kbkheet2?share_id=MTYwNkYzQjMtRERCRC00N0Y4LUE2QUMtMjEzRDM5NzY4MDEw&locale=ar_US"}, {"Share Destination": "Camera Roll", "Date": "2022-04-20 04:51:57 UTC", "Media Type": "Video", "Shared URL": ""}, {"Share Destination": "Camera Roll", "Date": "2022-04-19 02:03:19 UTC", "Media Type": "Video", "Shared URL": ""}, {"Share Destination": "Camera Roll", "Date": "2022-04-19 02:03:19 UTC", "Media Type": "Video", "Shared URL": ""}, {"Share Destination": "Camera Roll", "Date": "2022-04-19 01:58:54 UTC", "Media Type": "Video", "Shared URL": ""}, {"Share Destination": "Camera Roll", "Date": "2022-04-19 01:56:30 UTC", "Media Type": "Video", "Shared URL": ""}, {"Share Destination": "Camera Roll", "Date": "2022-04-18 03:03:51 UTC", "Media Type": "Video", "Shared URL": ""}, {"Share Destination": "Camera Roll", "Date": "2022-04-17 21:49:33 UTC", "Media Type": "Video", "Shared URL": ""}, {"Share Destination": "Camera Roll", "Date": "2022-04-17 06:17:26 UTC", "Media Type": "Video", "Shared URL": ""}, {"Share Destination": "Camera Roll", "Date": "2022-04-14 05:55:22 UTC", "Media Type": "Video", "Shared URL": ""}, {"Share Destination": "Camera Roll", "Date": "2022-04-14 05:55:22 UTC", "Media Type": "Video", "Shared URL": ""}, {"Share Destination": "Camera Roll", "Date": "2022-04-13 21:52:29 UTC", "Media Type": "Image", "Shared URL": ""}, {"Share Destination": "Camera Roll", "Date": "2022-04-13 02:14:49 UTC", "Media Type": "Image", "Shared URL": ""}, {"Share Destination": "Camera Roll", "Date": "2022-04-13 02:02:00 UTC", "Media Type": "Image", "Shared URL": ""}, {"Share Destination": "Copy Link to Clipboard", "Date": "2022-04-12 03:36:11 UTC", "Media Type": "None", "Shared URL": "https://story.snapchat.com/u/kbkheet2?share_id=Q0I0QzU2OUMtMkQxNy00NzJFLUIzRkMtN0M0MDZEMjcxNDI5&locale=ar_US"}, {"Share Destination": "Camera Roll", "Date": "2022-04-11 21:00:01 UTC", "Media Type": "Image", "Shared URL": ""}, {"Share Destination": "Camera Roll", "Date": "2022-04-11 16:04:07 UTC", "Media Type": "Image", "Shared URL": ""}, {"Share Destination": "Camera Roll", "Date": "2022-04-11 03:44:14 UTC", "Media Type": "Image", "Shared URL": ""}, {"Share Destination": "Camera Roll", "Date": "2022-04-11 03:43:12 UTC", "Media Type": "Video", "Shared URL": ""}, {"Share Destination": "Camera Roll", "Date": "2022-04-11 03:43:04 UTC", "Media Type": "Video", "Shared URL": ""}, {"Share Destination": "Camera Roll", "Date": "2022-04-11 03:32:02 UTC", "Media Type": "Image", "Shared URL": ""}, {"Share Destination": "Camera Roll", "Date": "2022-04-10 05:45:07 UTC", "Media Type": "Video", "Shared URL": ""}, {"Share Destination": "Camera Roll", "Date": "2022-04-10 05:44:40 UTC", "Media Type": "Image", "Shared URL": ""}, {"Share Destination": "Camera Roll", "Date": "2022-04-10 05:44:14 UTC", "Media Type": "Video", "Shared URL": ""}, {"Share Destination": "Camera Roll", "Date": "2022-04-10 05:43:55 UTC", "Media Type": "Video", "Shared URL": ""}, {"Share Destination": "Camera Roll", "Date": "2022-04-10 05:43:41 UTC", "Media Type": "Video", "Shared URL": ""}, {"Share Destination": "Camera Roll", "Date": "2022-04-10 05:43:23 UTC", "Media Type": "Video", "Shared URL": ""}, {"Share Destination": "Camera Roll", "Date": "2022-04-10 05:43:06 UTC", "Media Type": "Image", "Shared URL": ""}, {"Share Destination": "Camera Roll", "Date": "2022-04-10 05:42:54 UTC", "Media Type": "Video", "Shared URL": ""}], "Mobile Ad Id": "814f6310-77a7-438d-aac7-a0abb9df86e2"}